1br_studio_rent_in_center,adult_nightlife,air_quality_(year-round),airbnb_(monthly),cashless_society,coca-cola,coffee,cost_of_living,cost_of_living_for_expat,cost_of_living_for_local,female_friendly,freedom_of_speech,friendly_to_foreigners,fun,happiness,healthcare,internet,lgbt_friendly,nightlife,peace,quality_of_life,racial_tolerance,religious_government,safe_tap_water,safety,startup_score,traffic_safety,walkability,nomad_score,region,country,place_slug,norm_air_quality
492,4,42,946,1,0.7,1.4,3,961,626,2,1,3,3,3,2,16,2,3,2,3,1,0,0,1,3,4,4,4.03,Latin America,Mexico,mexico-city-mexico,0.111716621
223,3,19,976,1,0.63,1.11,3,697,349,2,1,3,4,3,2,10,2,3,2,3,1.753777352,0,0,2,3,4,4,4.51,Latin America,Mexico,cancun-mexico,0.049046322
503,2,68,1312,1.066219699,0.54,0.7,3,1064,631,1,1,4,2,2,2,5,1,2,1,3,2.043747693,1,0,3,2,1,1,4.45,Middle East,Jordan,amman-jordan,0.182561308
426,2,23,885,2,0.44,1.41,3,789,522,2,1,2,3,1,1,18,2,3,2,3,2,0,0,3,3,3,4,4.83,Asia,Vietnam,ho-chi-minh-city-vietnam,0.059945504
2740,2,49,2135,3,1.06,3.4,1,2801,2347,2,1,2,4,2,1,44,3,4,2,3,2,0,0,3,4,3,4,4.11,Asia,China,hong-kong-china,0.130790191
401,2,59,1586,3,0.53,3.9,3,1053,686,2,1,1,1,2,1,6,1,1,2,3,1,0,0,3,3,3,4,3.52,Asia,China,zhuhai-china,0.158038147
418,3,24,1312,3,0.69,2.35,3,891,591,2,1,3,2,3,1,19,3,3,1,3,2,0,0,3,3,1,2,4.54,Asia,Thailand,phuket-thailand,0.0626703
619,4,29,976,1,0.62,2.47,3,1067,832,2,1,3,2,3,3,16,1,2,2,3,2.383253259,1,0,3,3,1,4,4.45,Asia,Malaysia,kuala-lumpur-malaysia,0.076294278
451,3,21,1159,1,0.67,1.74,3,907,579,1,1,3,2,1,1,4,2,1,1,3,1.781167466,1,0,2,2,4,2,3.9,Asia,Cambodia,phnom-penh-cambodia,0.054495913
198,2,57,1037,1,0.3,0.37,3,506,228,1,1,2,2,1,1,12,1,2,1,3,1,0,0,2,3,3,4,3.25,Asia,India,chennai-india,0.152588556
102,2,187,915,1,0.33,0.91,3,458,200,2,1,1,1,1,1,8,1,2,1,2,1,0,0,2,2,3,4,3.5,Asia,India,jaipur-india,0.506811989
88,2,196,671,1,0.35,1.42,3,454,237,1,1,3,3,1,1,4,1,2,1,2,1,1,0,2,2,3,4,3.69,Asia,India,agra-india,0.53133515
244,2,229,1373,1,0.46,1.3,3,735,362,1,1,3,2,1,1,8,1,2,1,2,1,0,0,2,2,3,2,3.26,Asia,India,delhi-india,0.621253406
586,2,117,1312,1,0.47,1.33,3,984,658,1,1,3,2,1,1,8,1,2,1,2,1,0,0,2,2,3,4,3.63,Asia,India,mumbai-india,0.316076294
691,2,61,1312,3,0.61,3.51,3,1226,940,2,1,2,2,2,1,15,1,2,2,3,1,0,0,3,3,3,4,4.25,Asia,China,shenzhen-china,0.163487738
1510,2,16,2776,2,2.2,4.67,1,3258,2422,4,2,3,3,3,3,31,3,2,3,3,3,0,1,2,4,4,4,4.34,North America,United States,washington-dc-united-states,0.040871935
990,2,17,3294,2,1.7,3.41,1,2274,1281,4,2,3,3,3,3,17,2,2,3,3,3,0,1,3,4,4,4,4.3,North America,United States,madison-wi-united-states,0.04359673
1146.691678,2,12,2776,2,1.92,3.97,1,3270,2432,2,2,2,3,3,3,19,3,2,3,3,2,0,1,3,4,4,4,4.15,North America,United States,boston-ma-united-states,0.029972752
1906,3,154,2318,2,1.83,4.36,1,2879,2284,2,1,3,3,3,1,13,1,2,3,2,2,1,0,4,2,4,4,4.02,Middle East,United Arab Emirates,dubai-united-arab-emirates,0.416893733
1884,3,30,2288,3,0,4.03,2,2661,2193,4,1,2,3,3,4,101,2,2,3,3,3,0,1,4,4,4,4,4.45,Asia,Singapore,singapore-singapore,0.079019074
792,2,23,1830,3,2.21,3.37,1,1885,1168,4,2,4,3,3,2,21,3,3,3,3,4,0,1,4,3,4,4,3.68,Europe,United Kingdom,glasgow-united-kingdom,0.059945504
2360,2,14,3111,3,2.21,3.14,1,2873,1362,4,2,3,3,3,2,36,3,3,3,3,4,0,1,4,4,4,4,4.02,Europe,United Kingdom,edinburgh-united-kingdom,0.035422343
783,2,19,1800,2,2.38,3.13,2,1795,1113,2,3,2,2,3,3,60,2,2,4,3,2,0,1,3,3,4,1,4.14,Europe,Belgium,leuven-belgium,0.049046322
844,3,24,1983,1,2.23,3.38,2,1823,1157,4,3,3,3,3,3,28,4,3,4,3,3,0,1,4,4,4,4,4.53,Europe,Germany,berlin-germany,0.0626703
875,2,26,1647,2,1.94,3.11,2,1868,1212,4,3,2,2,3,3,43,2,2,4,3,2,0,1,2,3,4,4,4.14,Europe,Belgium,brussels-belgium,0.068119891
441,2,20,1342,2,0.9,2.06,3,1019,620,3,2,4,3,2,3,27,2,3,3,3,2,0,1,4,4,4,4,4.33,Europe,Poland,gdansk-poland,0.051771117
479,2,36,763,2.295373255,0.67,2.12,3,792,610,1.842215648,1,3,2,2,1,10,2,2,1,3,2,0,0,2,3,1,2,4.14,Latin America,Ecuador,quito-ecuador,0.095367847
518,2,32,763,1.684642624,0.69,1.51,3,810,612,2,1,3,3,2,1,6,2,1,1,3,2,0,0,2,3,1,4,3.64,Latin America,Ecuador,cuenca-ecuador,0.084468665
423,2,13,275,1.557346364,0.86,2.51,3,736,624,2,1,2,2,2,1,10,2,2,1,3,2,1,0,2,2,1,2,4.05,Latin America,Ecuador,guayaquil-ecuador,0.032697548
162,2,18,488,1,0.53,0.99,3,378,244,2,1,2,2,3,3,9,1,2,1,3,1,0,0,1,3,3,4,3.53,Latin America,Colombia,pasto-colombia,0.046321526
206,3,41,641,1,0.59,1.92,3,609,379,1,1,4,2,3,3,10,1,2,1,3,1,0,0,1,3,3,4,3.86,Latin America,Colombia,cali-colombia,0.108991826
473,2,45,610,1,0.52,1.81,3,849,619,2,1,3,3,3,3,8,2,3,1,3,2,0,0,1,3,3,4,4.49,Latin America,Colombia,medellin-colombia,0.119891008
378,2,36,854,1,0.62,1.22,3,711,468,1,1,2,2,3,3,7,2,1,1,3,1,0,0,1,3,3,4,3.82,Latin America,Colombia,santa-marta-colombia,0.095367847
328,2,44,824,1,0.67,1.38,3,686,442,2,1,2,2,3,3,7,2,3,1,3,2,1,0,1,2,3,4,4.12,Latin America,Colombia,barranquilla-colombia,0.117166213
691,3,41,1007,1,0.56,1.73,3,1077,784,1,1,4,4,3,3,9,1,3,1,3,1.390264123,0,0,1,3,3,4,3.88,Latin America,Colombia,cartagena-colombia,0.108991826
435,3,52,732,1,0.66,1.41,3,799,550,2,1,4,3,3,3,7,2,2,1,3,2,0,0,1,3,3,4,4.03,Latin America,Colombia,bogota-colombia,0.138964578
1547,2,27,2959,2,3.17,5.79,1,3489,2495,4,4,3,3,4,3,41,3,3,4,3,4,0,1,4,4,4,4,4.33,Europe,Denmark,copenhagen-denmark,0.070844687
820,2,16,1861,2,2.14,3.38,1,2149,1246,4,3,3,3,3,3,42,3,2,4,3,2,0,1,3,3,4,4,3.77,Europe,Belgium,ghent-belgium,0.040871935
389,2,27,915,2,0.93,1.97,3,891,580,2,2,2,2,2,3,29,1,2,3,3,2,0,1,3,3,4,4,4.089206639,Europe,Poland,poznan-poland,0.070844687
367,2,54,2074,1,0.66,1.94,3,1072,512,1,1,1,2,3,2,16,1,2,2,3,2,1,0,1,3,4,1,3.54,Latin America,Mexico,tulum-mexico,0.144414169
536,2,33,976,2,1.02,2.01,3,1080,724,3,2,3,4,2,3,28,2,3,3,3,2,0,1,4,3,4,4,4.11,Europe,Poland,warsaw-poland,0.08719346
1085,3,24,1952,3,2.19,2.27,1,2021,1301,3,3,2,3,3,4,29,3,3,3,3,2,0,1,3,4,4,4,4.029474577,Europe,Spain,barcelona-spain,0.0626703
167,2,7,2593,3,0.75,2.26,3,1065,399,4,1,3,2,3,1,21,3,1,1,3,1,0,0,2,3,1,2,3.75,Asia,Thailand,ko-tao-thailand,0.016348774
301,2,16,1251,3,0.3,2.22,3,723,453,2,1,3,2,3,1,21,3,2,1,3,1,0,0,2,3,1,1,3.62,Asia,Thailand,ko-pha-ngan-thailand,0.040871935
239,2,21,1037,2,0.31,0.43,3,575,274,2,1,3,3,1,1,22,2,2,2,3,2,0,0,3,3,3,4,4.24,Asia,Vietnam,hoi-an-vietnam,0.054495913
347,2,46,1007,3,0.4,2.22,3,728,509,2,1,3,3,3,1,20,2,2.045612614,1,3,2,0,0,3,3,1,4,4.97,Asia,Thailand,chiang-mai-thailand,0.122615804
452,2,15,976,3,0.75,2.19,3,950,626,4,1,3,2,3,1,18,3,1,1,3,2,0,0,3,3,1,1,3.49,Asia,Thailand,ko-lanta-thailand,0.038147139
628,4,42,1342,3,0.61,2.38,3,1080,778,3,1,3,3,3,1,19,3,4,1,3,2,0,0,3,3,1,4,4.9,Asia,Thailand,bangkok-thailand,0.111716621
421,2,39,1220,1,0.35,1.75,3,836,546,3,1,3,3,2,2,9,3,1,2,3,3,1,0,3,3,3,4,4.4,Asia,Indonesia,ubud-bali-indonesia,0.103542234
754,3,24,2379,3,1.3,1.29,2,1602,871,3,3,3,3,2,4,30,3,3,4,3,3,0,1,4,3,4,4,4.46,Europe,Portugal,lisbon-portugal,0.0626703
1694,2,16,2898,2,1.92,3.89,1,2809,1889,3,3,2,2,3,4,46,3,3,4,3,4,0,1,4,3,4,4,3.94,Europe,Ireland,dublin-ireland,0.040871935
924,2,24,1495,3,2.21,2.97,2,1909,1273,3,2,3,3,3,2,31,3,3,3,3,4,0,1,3,3,4,4,4.16,Europe,United Kingdom,manchester-united-kingdom,0.0626703
2134,2,17,2349,2,2.32,2.89,1,2810,2079,3,3,4,2,4,3,19,4,1,4,3,3,0,1,4,4,4,4,4.38,Oceania,Australia,sydney-australia,0.04359673
2000,2,15,3233,2,1.61,3.9,1,2945,2039,3,2,3,3,3,3,36,3,2,3,3,3,0,1,3,4,4,4,4.29,North America,United States,san-diego-ca-united-states,0.038147139
1244,3,26,3020,3,1.92,3.93,1,2515,1594,4,3,3,3,4,3,37,4,3,4,3,3,0,1,3,4,4,4,4.47,Europe,Sweden,stockholm-sweden,0.068119891
1828,2,22,3294,1.988705973,4.05,4.19,1,3114,1924,3,4,3,3,4,4,36,3,2,4,3,3,0,1,4,3,4,1,3.89,Europe,Norway,oslo-norway,0.057220708
1395,2,16,2410,1.906523609,3.33,4.31,1,2882,1904,3,4,3,3,4,4,38,2,3,4,3,3,0,1,4,3,4,4,4.25,Europe,Norway,tromso-norway,0.040871935
1440,2,11,2806,2,1.87,3.98,1,2508,1628,4,2,3,3,3,3,15,3,2,3,3,3,0,1,3,4,4,4,4.39,North America,United States,fort-lauderdale-fl-united-states,0.027247956
1330,2,12,2501,2,1.67,3.61,1,2404,1664,3,2,4,4,3,3,41,3,2,3,3,3,0,1,3,4,4,4,4.36,North America,United States,portland-or-united-states,0.029972752
1244,3,21,1830,1,2.33,3.32,1,2159,1527,4,3,3,4,3,3,33,3,3,4,3,3,0,1,4,3,4,4,3.8,Europe,Germany,hamburg-germany,0.054495913
668,2,20,2013,1,2.24,2.78,2,1687,999,4,3,3,2,3,3,33,4,2,4,3,3,0,1,4,3,4,4,4.31,Europe,Germany,bremen-germany,0.051771117
829,3,8,1586,1,2.17,3.51,2,1765,1185,4,3,3,2,3,4,38,3,3,4,3,2,0,1,4,3,4,4,4.32,Europe,Austria,vienna-austria,0.019073569
440,2,27,1464,3,1.1,1.9,3,1052,608,3,3,2,2,3,2,42,1,2,3,3,1.899742685,0,0,3,3,4,4,4.17,Europe,Slovakia,bratislava-slovakia,0.070844687
1208,2,29,2257,3,0.94,1.28,2,1792,1211,3,2,2,3,2,2,37,1,3,3,3,2,1,0,3,3,4,4,4.93,Europe,Hungary,budapest-hungary,0.076294278
1396,2,15,7503,3,2.54,5.02,1,4013,1913,4,3,3,2,4,4,30,4,2,4,3,4,0,1,4,3,4,2,4.02,Europe,Iceland,reykjavik-iceland,0.038147139
2739,2,16,3050,2,2.77,4.67,1,3829,2980,3,2,4,4,3,3,20,4,4,3,3,3,0,1,3,4,4,4,4.61,North America,United States,new-york-city-ny-united-states,0.040871935
1240,2,12,1891,2,1.95,4.02,1,2143,1405,3,2,3,2,3,3,15,2,2,3,3,3,0,1,3,3,4,4,3.69,North America,United States,orlando-fl-united-states,0.029972752
436.02246,2,10,1159,3,0.36,1.43,3,471,688.2277712,2,1,3,2,3,1,22,1,2,1,3,2,0,0,2,3,1,4,3.65,Asia,Thailand,krabi-thailand,0.024523161
1118,2,20,2440,1,2.61,3.07,1,2321,1439,4,3,4,3,3,3,29,4,4,4,3,3,0,1,4,3,4,4,3.95,Europe,Germany,munich-germany,0.051771117
1569,4,23,5002,1,2.67,3.99,1,2894,1849,3,4,4,3,4,4,9,4,3,4,3,3,0,1,4,3,4,4,4.44,Europe,Netherlands,amsterdam-netherlands,0.059945504
727,2,20,1464,3,1.81,2.91,2,1625,1079,4,3,3,3,4,3,53,2,3,4,3,3,0,1,3,4,4,4,4.47,Europe,Sweden,malmo-sweden,0.051771117
1175,2,19,2227,2.239138702,3.43,5.04,1,2678,1786,4,4,3,3,4,4,42,3,2,4,3,3,0,1,4,3,4,4,4.14,Europe,Norway,bergen-norway,0.049046322
1541,2,18,4423,2.738558692,3.3,4.31,1,3414,2049,3,4,3,3,4,4,43,2,3,4,3,3,0,1,4,3,4,4,3.95,Europe,Norway,trondheim-norway,0.046321526
1658,4,19,2044,2,2.22,3.01,1,2260,1588,4,3,3,4,4,3,21,3,3,4,3,3,0,1,4,3,4,4,3.18,Oceania,Australia,melbourne-australia,0.049046322
1026,4,17,1769,2,1.74,2.77,1,1896,1290,4,3,3,1,4,3,19,4,3,4,3,3,0,1,4,4,4,4,4.18,Oceania,Australia,adelaide-australia,0.04359673
1512,4,14,1830,2,2.15,3.62,1,1980,1258,3,3,3,2,4,3,25,4,2,4,3,4,0,1,4,3,4,4,4.1,Oceania,New Zealand,auckland-new-zealand,0.035422343
610,2,1,2989,2,1.92,2.94,1,2061,1019,2,3,3,3,4,3,37,2,2,4,3,2,0,1,4,3,4,1,3.58,Oceania,New Zealand,queenstown-new-zealand,0
830,3,21,1556,2,1.13,2.26,2,1483,1018,3.419581894,3,4,3,4,3,30,2,2,4,3,4,0,1,4,4,4,4,3.82,Oceania,New Zealand,christchurch-new-zealand,0.054495913
813,2,13,1891,2,1.81,3.17,2,1760,1136,4,3,4,2,4,3,43,4,3,4,3,4,0,1,4,3,4,4,4.18,Oceania,New Zealand,wellington-new-zealand,0.032697548
1215,4,16,1739,2,2.36,3.09,1,2241,1570,4,3,3,1,4,3,19,3,2,4,3,3,0,1,4,3,4,4,3.03,Oceania,Australia,brisbane-australia,0.040871935
713,3,27,1739,2,1.47,2.25,2,1395,881,4,2,3.056887002,4,3.069371615,3,24,3,4,3,3,2,0,1,3,3,4,4,4.55,Europe,Czechia,prague-czechia,0.070844687
2520,2,20,2898,1,4.22,4.94,1,3426,2305,4,3,3,3,4,4,28,3,3,4,3,2,0,1,4,4,4,4,4.34,Europe,Switzerland,zurich-switzerland,0.051771117
1175,2,8,1891,1,2.86,1.86,1,2401,1500,3,2,3,3,2,4,17,2,3,3,3,2,0,1,3,3,4,4,3.97,Europe,Italy,milan-italy,0.019073569
711,2,32,2776,2,1.34,2.84,2,1748,966,2,2,2,2,2,4,15,3,3,3,3,1,0,1,4,3,4,4,3.84,Asia,Japan,osaka-japan,0.084468665
603,2,17,1251,3,1.58,2.43,2,1370,848,4,3,3,3,3,4,36,3,3,3,3,2,0,1,4,4,4,4,4.56,Europe,Spain,valencia-spain,0.04359673
362,2,15,1098,3,0.48,1.51,3,728,477,2,1,3,2,3,1,33,1,1,1,3,1,0,0,2,3,1,2,3.62,Asia,Thailand,ao-nang-thailand,0.038147139
539,2,8,1129,3,1.83,1.77,2,1302,773,3,3,3,3,3,4,35,2,3,3,3,2,0,1,4,3,4,4,4.34,Europe,Spain,alicante-spain,0.019073569
571,2,8,2318,3,1.62,2.17,2,1604,830,3,3,4,3,3,4,43,2,2,3,3,2,0,1,4,3,4,4,4.06,Europe,Spain,malaga-spain,0.019073569
830,2,14,2623,2.141193672,1.7,2.58,1,2173,1143,3,2,3,3,3,4,43,3,3,3,3,2.562193262,0,1,4,3,4,4,3.89,Europe,Malta,sliema-malta,0.035422343
910,2,19,1373,3,2.14,1.85,2,1776,1143,3,3,3,3,3,4,34,4,3,3,3,3,0,1,4,3,4,4,4.21,Europe,Spain,madrid-spain,0.049046322
150,2,20,2318,1,0.39,0.95,3,853,241,1,1,2,4,1,1,11,2,4,1,3,1,0,0,2,3,3,1,3.697741978,Asia,India,goa-india,0.051771117
1279,2,18,2288,1,2.47,1.26,1,2510,1530,2,2,3,4,2,4,22,1,3,3,3,2,0,1,3,3,4,4,2.96,Europe,Italy,rome-italy,0.046321526
1175,2,14,2166,2,1.44,2.55,1,2000,1285,3,3,3,3,4,3,38,4,4,4,3,4,0,1,3,4,4,4,4.35,North America,Canada,toronto-canada,0.035422343
1250,2,13,2532,2,1.84,4.12,1,2363,1590,3,2,4,3,3,3,36,3,3,3,4,3,0,1,3,4,4,4,4.17,North America,United States,boulder-co-united-states,0.032697548
1730,3,20,2928,2,2.67,4.01,1,3212,2241,3,2,4,3,3,3,18,3,3,3,3,3,0,1,3,4,4,4,4.6,North America,United States,los-angeles-ca-united-states,0.051771117
369,2,53,1617,1,0.61,1.23,3,938,483,2,1,4,3,3,2,16,2,2,2,3,1.870899011,0,0,1,3,4,4,4.17,Latin America,Mexico,playa-del-carmen-mexico,0.141689373
325,2,36,1434,3,1.85,1.47,3,975,515,3,2,3,2,2,3,12,1,2,3,3,2,1,0,4,3,4,4,4.34,Europe,Croatia,zagreb-croatia,0.095367847
675,2,18,1190,2,1.3,3.32,2,1339,959,3,2,2,4,2,4,17,2,1,3,3,2,0,1,4,3,4,1,3.1,Asia,Japan,kobe-japan,0.046321526
663,2,17,1312,2,1.5,2.43,2,1450,934,4,3,4,2,4,3,17,4,1,4,3,4,0,1,3,4,4,4,4.39,North America,Canada,winnipeg-canada,0.04359673
639,3,23,1525,2,1.15,1.99,3,1223,806,2,2,3,3,1,1,4,3,3,2,3,3,0,0,1,3,1,4,4.08,Africa,South Africa,cape-town-south-africa,0.059945504
1709,2,8,3538,2,2,4.28,1,3054,2021,4,2,4,4,3,3,11,3,3,3,3,3,0,1,4,3,4,4,4.2,Oceania,United States,honolulu-hawaii-united-states,0.019073569
1573,2,22,2440,3,2.78,3.58,1,2875,1930,3,3,2,2,3,4,46,2,2,4,3,3,1,1,4,3,4,4,4.33,Europe,Luxembourg,luxembourg-luxembourg,0.057220708
943,2,15,3050,2,2.44,3.08,1,2454,1304,2,3,3,2,3,3,58,2,3,4,3,2,0,1,3,3,4,1,4.125098842,Europe,Belgium,bruges-belgium,0.038147139
1620,4,12,2745,2,1.5,3.06,1,2406,1613,4,3,3,2,4,3,33,4,2,4,3,4,0,1,3,4,4,4,4.46,North America,Canada,vancouver-canada,0.029972752
1640,2,12,3447,2,1.73,3.6,1,2957,1921,3,2,3,3,3,3,33,3,3,3,3,3,0,1,3,4,4,4,4.5,North America,United States,seattle-wa-united-states,0.029972752
2289,3,28,3111,2,3.33,3.06,1,2591,1479,3,2,2,3,3,4,20,3,4,3,3,2,0,1,3,3,4,4,4.2,Europe,France,paris-france,0.073569482
858,2,24,2044,1,2.77,3.5,1,2092,1276,3,4,3,3,4,4,48,3,3,4,3,3,0,1,3,3,4,4,4.29,Europe,Netherlands,rotterdam-netherlands,0.0626703
323,3,26,1129,1,1.1,1.96,3,992,555,3,2,3,4,3,2,8,4,4,3,3,3,0,0,2,3,4,4,4.38,Latin America,Argentina,buenos-aires-argentina,0.068119891
642,2,25,7076,1,2.49,3.28,1,3004,1015,4,3,3,2,3,4,35,2,1,4,3,2,0,1,4,3,4,4,4.02,Europe,Austria,salzburg-austria,0.065395095
1260,2,22,2715,2,2,3.98,1,2678,1825,3,2,2,2,3,3,18,2,2,3,3,3,0,1,2,4,4,4,3.95,North America,United States,chicago-il-united-states,0.057220708
1219,2,16,2471,2,1.52,3.66,1,2192,1484,3,2,3,2,3,3,27,3,2,3,3,3,0,1,3,4,4,4,4.29,North America,United States,charleston-sc-united-states,0.040871935
2616,3,22,2562,3,1.99,3.2,1,3001,2168,3,2,3,4,3,2,16,3,4,3,3,3,0,1,3,4,4,4,4.53,Europe,United Kingdom,london-united-kingdom,0.057220708
739,2,11,1861,2,1.99,3.51,1,1885,1155,2,3,3,3,3,4,36,3,2,4,3,4,0,1,4,3,4,4,3.5,Europe,Ireland,cork-ireland,0.027247956
2010,3,28,1678,2,1.6,3.12,1,2133,1592,3,2,3,3,2,4,19,3,4,3,3,1,0,1,4,4,4,4,4.15,Asia,Japan,tokyo-japan,0.073569482
1360,3,11,3264,2,1.89,3.75,1,2916,1993,3,2,3,3,3,3,35,4,3,3,3,3,0,1,3,4,4,4,4.41,North America,United States,miami-fl-united-states,0.027247956
671,2,16,1495,2,1.45,2.56,2,1507,965,4,3,3,3,4,3,20,4,3,4,3,4,0,1,3,4,4,4,4.44,North America,Canada,montreal-canada,0.040871935
1587,4,17,1617,2,1.7,3.21,1,2613,1922,4,3,4,2,4,3,17,3,2,4,3,3,0,1,4,3,4,4,4.04,Oceania,Australia,perth-australia,0.04359673
602,2,7,1769,3,0.88,2.26,3,1126,733,3,1,4,3,3,1,18,3,3,1,3,1,0,0,3,3,1,1,3.64,Asia,Thailand,ko-samui-thailand,0.016348774
354,3,50,1464,1,0.67,1.74,3,873,486,1,1,3,2,1,1,10,2,1,1,2,2.278390164,1,0,3,2,4,4,3.87,Asia,Cambodia,siem-reap-cambodia,0.133514986
296,2,13,763,3,0.3,1.51,3,587,416,2,1,4,1,3,1,11,2,1,1,3,1,0,0,3,3,1,4,3.88,Asia,Thailand,pai-thailand,0.032697548
425,2,30,854,2,0.43,1.27,3,691,492,2,1,2,2,1,1,6,1,1,2,3,1,0,0,3,3,3,4,3.96,Asia,Vietnam,hanoi-vietnam,0.079019074
717,2,84,1525,3,1,3.95,3,1399,1031,4,1,4,3,2,1,8,2,4,2,2,3,0,0,3,3,3,4,4.26,Asia,China,shanghai-china,0.226158038
656,3,10,1586,1,0.86,3.37,3,1270,904,4,2,4,2,3,4,25,4,3,2,3,3,0,0,3,3,4,4,4.27,Asia,Taiwan,taipei-taiwan,0.024523161
216,4,41,641,1,0.67,1.54,3,627,380,2,1,3,2,3,2,12,2,2,2,3,1.818970019,0,0,1,3,4,4,4.2,Latin America,Mexico,guadalajara-mexico,0.108991826
1120,3,14,2074,2,1.63,4.11,1,1946,1200,3,2,4,4,3,3,31,3,4,3,3,3,0,1,3,4,4,4,4.52,North America,United States,las-vegas-nv-united-states,0.035422343
1258,2,15,2654,2,1.63,3.53,1,2366,1515,2,2,2,2,3,3,32,2,2,3,3,2,0,1,3,3,4,4,4.1,North America,United States,ithaca-ny-united-states,0.038147139
1160,2,19,2166,2,1.91,3.83,1,2256,1462,3,2,3,3,3,3,21,3,2,3,3,3,0,1,2,4,4,4,4.33,North America,United States,philadelphia-pa-united-states,0.049046322
1800,2,10,2532,2,1.71,3.88,1,2868,2050,2,2,3,2,3,3,35,2,3,3,3,2,0,1,3,3,4,1,4.3,North America,United States,princeton-nj-united-states,0.024523161
704,2,25,1617,1,2.33,1.87,1,1917,1069,2,2,4,2,2,4,20,2,2,3,3,2,0,1,3,3,4,4,4.26,Europe,Italy,bologna-italy,0.065395095
1261.243309,3,16,3935,2,2.28,4.61,1,2136.002533,1364.138298,3,2,4,4,3,3,33,3,4,3,3,3,0,1,3,4,4,4,4.36,North America,United States,san-francisco-ca-united-states,0.040871935
1020,2,19,2349,2,1.89,3.93,1,2357,1574,3.082286077,2,3,2,3,3,31,2,3,3,3,3,0,1,2,3,4,4,3.93,North America,United States,houston-tx-united-states,0.049046322
1547,2,19,2074,1,2.21,3.93,1,2369,1591,4,4,4,3,4,3,22,4,3,4,3,3,0,1,3,4,4,4,4.19,Europe,Finland,helsinki-finland,0.049046322
700,2,10,1830,3,1.17,2.33,2,1217,864,2,3,2,2,3,4,18,2,2,3,3,2,0,1,4,3,4,1,3.8,Europe,Spain,tarifa-spain,0.024523161
366,2,11,763,2,0.87,1.77,3,771,524,2,1,2,2,3,1,11,3,3,2,3,2,1,0,1,3,1,2,4.05,Latin America,Brazil,salvador-brazil,0.027247956
1330,2,23,2074,1,3.96,4.65,1,2526,1789,4,3,4,3,4,4,46,4,2,4,3,3,0,1,4,4,4,4,4.44,Europe,Switzerland,bern-switzerland,0.059945504
945,2,11,1403,2,1.9,3.49,2,1834,1300,2,3,3,2,4,3,17,2,2,4,3,4,0,1,3,4,4,4,3.94,North America,Canada,calgary-canada,0.027247956
1030,2,16,1678,2,1.83,3.6,1,1824,1189,4,2,2,2,3,3,17,2,2,3,3,3,0,1,3,4,4,4,4.31,North America,United States,phoenix-az-united-states,0.040871935
354,2,43,1037,1.805062539,0.75,1.24,3,851,487,3,1,3,3,1,1,26,1,3,3,3,2,0,0,3,3,4,4,4.38,Europe,Bulgaria,sofia-bulgaria,0.114441417
797,2,22,1495,2,2.48,3.93,1,1934,1283,3,2,3,3,3,4,44,3,3,3,3,3,0,1,3,3,4,4,4.27,Europe,France,lyon-france,0.057220708
206.8147993,2,12,824,2,0.17,0.62,3,1090.525198,569.2580142,2,1,2,1,1,2,7,1,1,1,3,2,1,0,2,3,4,4,3.57,Middle East,Egypt,dahab-egypt,0.029972752
340,2,53,1190,1.898570996,0.51,1.72,3,852,510,2,1,3,3,2,1,10,1,4,1,3,2,1,0,3,3,4,4,4.12,Europe,Turkey,istanbul-turkey,0.141689373
321,2,34,1281,2.037987439,1.71,1.48,3,1030,537,2,1,2,2,2,2.758433269,18,2,1,3,3,1.231706366,0,0,3,3,4,4,3.94,Europe,Montenegro,podgorica-montenegro,0.089918256
324,2,19,3477,3,0.53,1.29,2,1312,434,3,2,3,1,2,3,13,1,1,3,3,1,0,0,4,3,4,4,4.15,Europe,Croatia,zadar-croatia,0.049046322
583,2,22,1434,2,2.28,3.36,1,1651,1021,3,2,3,2,3,4,42,3,2,3,3,2,0,1,3,3,4,4,4.25,Europe,France,bordeaux-france,0.057220708
455,2,14,1373,2,0.44,1.02,3,880,514,2,1,3,2,1,1,17,1,1,2,3,2,0,0,3,3,3,2,4.2,Asia,Vietnam,da-nang-vietnam,0.035422343
187,2,25,1159,1.668140306,0.49,1.3,3,648,315,1,1,3,2,2,1,8,1,2,1,3,1,1,0,2,3,4,4,4.33,Europe,Turkey,alanya-turkey,0.065395095
679,2,27,1190,3,1.95,1.75,2,1460,914,3,3,2,3,3,4,46,3,2,3,3,2,0,1,4,3,4,4,3.83,Europe,Spain,seville-spain,0.070844687
525,2,50,1312,3,1.46,2.63,3,1301,812,3,3,3,3,3,4,32,3,3,3,3,3,0,1,4,3,4,4,3.71,Europe,Spain,las-palmas-canary-islands-spain,0.133514986
492,2,23,1312,1,0.87,2.1,2,1257,762,2,1,3,3,2,3,10,1.625486387,2,2,3,1,1,0,2,3,3,2,3.85,Africa,Morocco,rabat-morocco,0.059945504
2320,2,7,2410,1,3.77,5.48,1,3281,2262,3,3,4,3,4,4,41,3,2,4,3,2,0,1,4,3,4,4,3.84,Europe,Switzerland,geneva-switzerland,0.016348774
477,2,15,1159,1,2.28,3.12,2,1282,835,4,3,3,2,3,3,30,4,2,4,3,2,0,1,4,3,4,4,4.22,Europe,Germany,leipzig-germany,0.038147139
534,3,65,641,3,0.51,4.19,3,971,872,2,1,2,1,2,1,5,2,2,2,2,1,0,0,3,2,3,1,3.55,Asia,China,dongguan-china,0.174386921
2550,2,12,2898,2,1.9,3.58,1,3397,2613,4,2,4,1,3,3,28,4,2,3,3,3,0,1,3,4,4,4,4.18,North America,United States,san-jose-ca-united-states,0.029972752
314,3,40,1068,1,1.58,3.85,2,1344,810,3,1,3,4,2,4,9,2,3,3,3,2,0,1,4,3,4,4,4.31,Europe,Greece,athens-greece,0.10626703
269,2,14,2105,1,1.74,3.43,1,1626,708,2,1,2,3,2,4,11,1,3,3,3,2,0,1,3,3,4,2,3.87,Europe,Greece,rhodes-greece,0.035422343
211,2,2,1708,3,0.52,1.51,3,768,344,2,1,2,2,3,1,18,1,2,1,3,2,0,0,2,3,1,1,3.63,Asia,Thailand,hua-hin-thailand,0.002724796
442,2,18,1281,3,1.02,2.11,3,1067,662,2,1,3,3,2,1,26,1,2,1,3,2,0,0,1,3,4,4,4.36,Europe,Russia,saint-petersburg-russia,0.046321526
683,3,33,1708,3,0.71,3.03,2,1509,972,2,1,2,3,2,1,20,1,4,1,3,2,0,0,2,4,4,4,4.49,Europe,Russia,moscow-russia,0.08719346
323,2,54,1007,3,0.49,1.34,3,695,419,1.85257417,1,3,3,2,3,6,2,2,1,3,2,0,0,2,3,4,4,3.86,Asia,Philippines,cebu-philippines,0.144414169
742,2,50,2227,1,0.42,1.06,3,1343,744,2,1,3,4,2,3,10,2,3,2,3,2,1,0,2,3,3,4,4.16,Africa,Morocco,marrakesh-morocco,0.133514986
1221,2,13,1373,3,2.64,2.97,1,2206,1542,3,2,4,2,3,2,20,4,2,3,3,4,0,1,3,4,4,4,4.42,Europe,United Kingdom,newcastle-upon-tyne-united-kingdom,0.032697548
838,2,21,3325,3,1.95,4.32,1,2287,1273,3,3,3,4,3,4,31,4,3,3,3,2,0,1,4,3,4,4,4.42,Europe,Spain,palma-mallorca-spain,0.054495913
292,2,19,2410,3,1.93,1.58,1,1571,586,3,3,3,3,3,4,43,3,2,3,3,3,0,1,4,3,4,1,4.2,Europe,Spain,javea-spain,0.049046322
192,2,40,1403,1,0.61,1.3,3,622,272,1,1,3,3,2,3,4,1,1,2,3,3,1,0,2,3,3,4,4.04,Africa,Morocco,fes-morocco,0.10626703
264,2,50,1312,1,0.5,0.9,3,710,349,2,1,4,2,2,3,6,2,1,2,3,2,1,0,3,3,3,1,4.53,Africa,Morocco,taghazout-morocco,0.133514986
934,2,23,2288,1,2.14,1.39,1,2127,1207,2,2,3,3,2,4,14,1,2,3,3,2,0,1,3,3,4,4,3.62,Europe,Italy,naples-italy,0.059945504
144,2,110,610,1,0.59,1.49,3,541,313,2,1,2,2,1,1,8,1,1,1,2,1,0,0,2,2,3,4,3.48,Asia,India,chandigarh-india,0.297002725
1170,2,20,2623,1,2.73,3.61,1,2509,1565,4,4,4,3,4,4,48,4,2,4,3,3,0,1,4,4,4,4,4.28,Europe,Netherlands,utrecht-netherlands,0.051771117
1005.151582,2,8,3843,2,2.06,4.52,1,3776,2881,3,2,3,2,3,3,45,4,1,3,3,3,0,1,3,4,4,2,4.22,North America,United States,palo-alto-ca-united-states,0.019073569
896,3,95,1159,2,0.94,2.02,2,1457,1057,2.166797576,1,3,4,3,1,15,3,4,2,3,3,0,0,1,2,1,4,3.47,Latin America,Brazil,rio-de-janeiro-brazil,0.25613079
392,2,106,1098,3,0.46,1,3,759,451,3,1,3,2,2,1,13,2,2,2,2,2,0,0,3,3,3,4,4.22,Asia,China,hangzhou-china,0.286103542
211,2,19,763,1,0.7,1.63,3,615,363,2,1,4,2,3,2,11,2,2,2,3,1.950083469,0,0,2,3,4,4,3.11,Latin America,Mexico,oaxaca-mexico,0.049046322
589,2,28,3691,2,1.41,3.55,2,1889,922,3,2,2,4,2,4,17,2,3,3,3,3,0,1,4,3,4,4,3.03,Asia,Japan,kyoto-japan,0.073569482
245,2,49,641,2,0.77,0.86,3,638,357,2,1,3,2,3,1,11,2,2,2,3,3,0,0,1,3,1,4,3.44,Latin America,Brazil,belo-horizonte-brazil,0.130790191
325,2,37,1190,3,1.27,1.46,3,864,480,3,2,3,3,2,2.362678376,24,1,4,2,3,2,1,0,3,3,4,4,4.59,Europe,Serbia,belgrade-serbia,0.098092643
1525,2,132,1800,2,2.27,4.54,1,2539,1924,1,1,3,4,3,1,8,1,2,3,2,2,1,0,4,2,4,4,4.02,Middle East,United Arab Emirates,abu-dhabi-united-arab-emirates,0.356948229
1010,3,41,1617,2.020190441,0.72,2.47,2,1578,1132,3,1,3,4,2,2,2,2,4,1,3,2.149762261,1,0,2,2,3,4,3.69,Middle East,Lebanon,beirut-lebanon,0.108991826
845,2,113,1861,2.676172274,0.46,3.27,2,1488,1041,3,1,4,3,3,3,8,1,3,2,3,2.09138539,1,0,3,3,4,4,3.98,Middle East,Bahrain,manama-bahrain,0.305177112
129,2,70,1007,1,0.16,0.29,3,416,433.3306218,1,1,2,1,1,1,4,1,2,1,3,1,0,0,2,2,3,4,2.93,Asia,India,kochi-india,0.188010899
225,2,118,946,1,0.32,0.93,3,553,309,1,1,2,2,1,1,14,1,2,1,2,1,0,0,2,2,3,4,3.78,Asia,India,bangalore-india,0.31880109
1813,2,168,1983,3,0.96,3.76,2,2532,2071,1,1,3,3,3,3,12,1,2,3,2,1.527969019,1,0,3,2,4,2,3.74,Middle East,Qatar,doha-qatar,0.455040872
1380,2,17,2562,2,1.74,3.34,1,2670,1906,3,2,3,3,3,3,56,3,3,3,3,3,0,1,3,4,4,4,4.33,North America,United States,austin-tx-united-states,0.04359673
415,2,55,1159,3,0.59,1.7,3,863,540,1,1,3,2,2,3,4,2,3,1,3,2,0,0,2,2,4,4,3.15,Asia,Philippines,manila-philippines,0.147138965
366,2,20,1190,1,0.58,1.75,3,837,509,3,1,3,3,2,2,15,2,2,2,3,3,1,0,3,3,3,2,4.8,Asia,Indonesia,canggu-bali-indonesia,0.051771117
979,3,46,1464,3,1.2,4.03,1,2172.9744,1251.646785,3,2,3,3,2,3,14,2,4,3,3,2,0,1,4,3,4,4,4.01,Asia,South Korea,seoul-south-korea,0.122615804
1160,2,19,1922,2,1.45,3.92,1,2152,1560,3,2,3,3,3,3,33,3,2,3,3,3,0,1,2,3,4,4,4.08,North America,United States,atlanta-ga-united-states,0.049046322
833,2,29,2288,2,2.28,3.5,1,2052,1237,3,2,3,4,3,4,18,4,2,3,3,2,0,1,3,3,4,4,4.33,Europe,France,nice-france,0.076294278
1226.150159,3,15,4880,1.713967151,3.75,4.37,1,2051.398965,1386.659175,3,2,3,4,3.531460746,4,17,2,3,2,4,2,0,1,4,4,4,4,3.98,Europe,Monaco,monaco-monaco,0.038147139
854,2,22,5246,2,2.7,2.61,1,2913,1288,3,2,3,4,3,4,30,2,3,3,3,3,0,1,3,4,4,1,4.4,Europe,France,cannes-france,0.057220708
2556,2,27,3752,2,1.99,3.98,1,3753,2717,3,2,3,2,3,3,23,2,1,3,3,3,0,1,3,3,4,4,3.99,North America,United States,santa-monica-ca-united-states,0.070844687
880,2,23,2013,2,1.64,3.37,2,1840,1149,4,2,3,3,3,3,18,3,3,3,3,3,0,1,3,3,4,4,4.27,North America,United States,buffalo-ny-united-states,0.059945504
585,2,48,1464,3,1.14,4.79,3,1330,963,3,2,3,3,2,3,34,1,2,3,3,2,0,1,4,3,4,1,4.51,Asia,South Korea,busan-south-korea,0.128065395
151,2,15,2013,3,0.75,2.26,3,828,340,2,1,3,2,3,1,21,2,2,1,3,1,0,0,3,3,1,1,2.98,Asia,Thailand,ko-phi-phi-thailand,0.038147139
1140,2,14,3233,2,1.92,3.65,1,2520,1527,3,2,4,3,3,3,21,3,2,3,3,3,0,1,3,3,4,4,4.25,North America,United States,minneapolis-mn-united-states,0.035422343
940,2,15,2318,2,1.56,3.62,1,1739,967,3,2,3,1,3,3,34,2,1,3,3,3,0,1,3,4,4,2,4.28,North America,United States,omaha-ne-united-states,0.038147139
119,2,138,763,1,0.45,1.15,3,446,248,1,1,3,2,1,1,3,1,2,1,2,1,1,0,3,2,3,4,3.8,Asia,India,varanasi-india,0.373297003
137,2,88,702,1,0.37,0.95,3,439,247,2,1,4,4,1,1,6,2,2,1,2,1.396759593,0,0,3,2,3,4,4.14,Asia,Nepal,kathmandu-nepal,0.237057221
1110,2,17,1739,2,1.54,3.5,2,1947,1345,4,2,3,2,3,3,34,2,2,3,3,2,0,1,3,4,4,4,4.43,North America,United States,raleigh-nc-united-states,0.04359673
792,2,13,1617,3,2.21,2.97,2,1818,1143,3,2,4,3,3,2,19,2,3,3,3,4,0,1,3,3,4,4,4.3,Europe,United Kingdom,leicester-united-kingdom,0.032697548
272,2,26,702,1,0.59,1.98,3,637,465,2,1,3,2,3,3,9,1,1,2,3,2,1,0,3,3,1,2,4.06,Asia,Malaysia,kuching-malaysia,0.068119891
593,2,13,1617,1,2.41,3.4,2,1555,959,4,3,3,3,3,3,28,4,2,4,3,3,0,1,4,3,4,4,3.64,Europe,Germany,nuremberg-germany,0.032697548
774,3,18,1891,2,2.62,4,1,2078,1259,4,3,3,3,3,3,46,3,3,4,3,2,0,1,3,3,4,4,4.27,Europe,Belgium,antwerp-belgium,0.046321526
642,2,26,2105,1,2.32,3.35,1,1894,1047,4,3,3,2,3,3,50,4,2,4,3,3,0,1,4,3,4,4,3.69,Europe,Germany,dusseldorf-germany,0.068119891
2260,2,16,2623,2,1.72,3.5,1,3083,2257,3,2,2,2,3,3,21,2,3,3,3,3,0,1,2,4,4,4,4.17,North America,United States,oakland-ca-united-states,0.040871935
376,2,150,946,3,0.41,0.75,3,678,420,3,1,2,2,2,1,4,2,2,2,2,1,0,0,3,2,3,4,4.14,Asia,China,chengdu-china,0.40599455
890,2,18,1495,2,1.69,3.54,1,1781,1237,3,2,3,2,3,3,21,2,2,3,3,3,0,1,2,3,4,4,3.92,North America,United States,detroit-mi-united-states,0.046321526
744,2,15,1678,2,1.62,3.16,2,1725,1091,4,3,4,3,4,3,38,4,1,4,3,4,0,1,3,4,4,4,4.45,North America,Canada,kitchener-canada,0.038147139
400,2,137,4880,3,0.41,0.75,2,1687,453,3,1,3,3,2,1,8,2,3,2,2,1,0,0,3,2,3,1,3.42,Asia,China,nanjing-china,0.370572207
601,2,72,1190,3,0.43,0.95,3,1030,651,2,1,2,3,2,1,8,1,2,2,3,1,0,0,3,3,3,4,3.97,Asia,China,guangzhou-china,0.19346049
1299,2,7,2196,2,1.82,4,1,2377,1637,3,2,4,3,3,3,13,3,1,3,3,3,0,1,3,3,4,4,4.25,North America,United States,west-palm-beach-fl-united-states,0.016348774
1100,3,18,2044,2,1.92,4.02,2,2033,1359,3,2,3,2,3,3,41,3,2,3,3,3,0,1,3,3,4,4,4.36,North America,United States,dallas-tx-united-states,0.046321526
263,3,86,793,1,0.66,1.91,3,735,439,2,1,4,2,3,2,19,1,2,2,3,1.935805227,0,0,1,3,4,4,3.75,Latin America,Mexico,monterrey-mexico,0.231607629
272,3,14,1403,1,0.56,0.7,3,784,358,2,1,2,4,3,2,14,2,1,2,3,1.515224083,0,0,1,3,4,4,3.86,Latin America,Mexico,tijuana-mexico,0.035422343
370,2,88,885,1.780427302,0.65,2.46,3,776,553,1,2,3,3,2,1,10,1,2,2,2,2,0,0,2,2,4,4,3.93,Latin America,Peru,lima-peru,0.237057221
948,2,7,702,2.542355422,1.17,1.68,3,1166,1031,1,2,1,1,2,1,17,1,1,2,3,2,0,0,2,3,4,4,3.37,Latin America,Peru,cusco-peru,0.016348774
248,2,91,885,1.761307277,0.64,1.54,3,690,392,2,2,3,1,2,2,3,2,1,1,3,1.721920793,0,0,1,2,3,2,2.98,Latin America,Nicaragua,managua-nicaragua,0.245231608
334,2,50,1312,2.154127199,0.44,1.33,3,784,435,1,1,4,4,3,2,3,1,2,1,3,2,0,0,1,2,4,4,4.31,Latin America,Guatemala,antigua-guatemala,0.133514986
990,2,18,1525,3,2.87,3.31,1,2111,1393,4,2,4,4,3,2,30,4,3,3,3,4,0,1,4,4,4,4,4.17,Europe,United Kingdom,bristol-united-kingdom,0.046321526
218,2,12,793,2,0.44,1.31,3,555,332,2,1,4,2,1,1,15,1,1,2,3,1,0,0,3,3,3,1,4.35,Asia,Vietnam,da-lat-vietnam,0.029972752
660,2,21,1373,3,2.21,2.97,2,1664,1031,4,2,3,2,3,2,28,3,3,3,3,4,0,1,3,3,4,4,4.21,Europe,United Kingdom,nottingham-united-kingdom,0.054495913
556,2,24,1495,3,1.3,1.51,3,1090,674,3,2,3,2,2,2,42,1,2,3,3,2,0,0,3,3,4,1,4.41,Europe,Romania,brasov-romania,0.0626703
377,2,31,1068,3,1.04,1.99,3,961,581,2,2,3,3,2,2,85,1,3,3,3,1,0,0,3,3,4,4,4.35,Europe,Romania,bucharest-romania,0.081743869
445,2,26,1922,1,2.14,1.58,2,1502,719,2,2,2,2,2,4,9,1,2,3,3,2,1,1,3,3,4,1,3.75,Europe,Italy,palermo-italy,0.068119891
210,2,49,1251,1,0.23,0.58,3,571,254,1,1,1,1,2,2,6,1,2,2,3,1,1,0,3,2,3,4,3.64,Asia,Indonesia,kuta-bali-indonesia,0.130790191
123,2,47,1220,1,0.52,1.82,3,554,269,1,1,1,1,2,2,10,1,1,2,3,1,1,0,3,3,3,4,4.21,Asia,Indonesia,denpasar-bali-indonesia,0.125340599
421,2,43,1190,1,0.31,0.7,3,724,441,1,1,3,3,2,2,3,1,3,2,3,1,1,0,3,2,3,1,3.73,Asia,Indonesia,seminyak-bali-indonesia,0.114441417
445,2,16,1556,3,1.04,2.08,3,1158,666,4,2,3,3,2,3,108,2,2,3,3,2,0,1,4,3,4,4,4.52,Asia,South Korea,jeju-island-south-korea,0.040871935
750,2,108,1952,3,0.75,2.96,2,1458,972,2,1,1,2,2,1,7,1,1,2,2,1,0,0,3,3,3,4,3.76,Asia,China,beijing-china,0.291553134
867,2,19,2318,3,1.95,1.47,1,1980,1105,3,3,3,2,3,4,42,3,2,3,3,2,0,1,3,3,4,4,4.06,Europe,Spain,bilbao-spain,0.049046322
884,2,12,2654,3,0,0.7,2,1777,932,2,3,2,2,2,4,13,1,2,4,3,2,1,1,4,3,4,4,3.51,Europe,Portugal,portimao-portugal,0.029972752
604,3,19,1769,3,1.17,0.9,2,1279,719,3,3,3,2,2,4,38,3,3,4,3,3,0,1,3,3,4,4,4.48,Europe,Portugal,porto-portugal,0.049046322
478,2,7,1434,2,0,2.33,2,787,548,2,2,1,2,3,4,30,2,2,3,3,1.845325928,0,1,3,3,4,1,3.76,Europe,France,chamonix-france,0.016348774
1321,2,11,1037,1.901144601,1.87,3.58,2,2089,1637,3,2,3,2,2.346778295,2.550356463,28,1,2,2,3,2,0,0,2,3,4,4,3.58,Europe,Gibraltar,gibraltar-gibraltar,0.027247956
356,2,12,3477,2,1.9,3.3,1,1930,774,3,3,2,3,2,3,9,2,3,2,3,2,0,0,3,3,4,2,3.94,Europe,Cyprus,paphos-cyprus,0.029972752
554,3,20,824,2,1.22,1.76,3,1061,734,2.350854541,1,4,4,3,1,13,3,4,2,3,3,0,0,1,3,1,4,3.99,Latin America,Brazil,sao-paulo-brazil,0.051771117
1326,3,15,2196,2,3.02,3.78,1,2588,1769,3,1,3,3,4,3,0,4,3,2,3,3,1,1,3,3,4,4,4.32,Middle East,Israel,tel-aviv-israel,0.038147139
91,2,97,702,1,0.3,0.89,3,428,202,2,1,3,3,1,1,6,1,1,1,2,1,0,0,2,2,3,4,3.09,Asia,India,surat-india,0.261580381
190,2,92,976,1,0.4,1.08,3,570,295,2,1,3,2,1,1,7,1,2,1,3,1,0,0,2,3,3,4,3.66,Asia,India,pune-india,0.247956403
95,2,51,763,1,0,0.15,4,548.2789202,535.9923436,1,1,2,1,1,1,5,1,1,1,3,1,1,0,2,2,3,4,3.5,Asia,India,varkala-india,0.136239782
174,2,135,1007,1,0.3,0.99,3,544,263,1,1,3,2,1,1,5,1,1,1,2,1,0,0,2,2,3,4,2.97,Asia,India,kolkata-india,0.365122616
146,2,156,763,1,0.55,1.11,3,522,272,1,1,3,1,1,1,4,1,1,1,2,2,1,0,2,1,3,4,3.14,Asia,India,kota-india,0.422343324
493.6556662,2,317,1281,1,0.29,0.96,3,517,180,1,1,2,1,1,1,5,1,1,1,1,2,1,0,2,1,3,4,3.24,Asia,India,allahabad-india,0.861035422
922,2,24,4514,3,2.53,2.33,1,2755,1225,3,3,3,4,3,4,46,3,4,3,3,2,0,1,4,3,4,4,4.24,Europe,Spain,ibiza-spain,0.0626703
1050,2,12,1830,2,1.66,3.74,1,1886,1274,3,2,4,2,3,3,23,3,2,3,3,3,0,1,3,3,4,4,4.3,North America,United States,salt-lake-city-ut-united-states,0.029972752
268,2,21,671,1,0.43,1.32,3,542,400,1,1,2,2,2,2,5,1,2,2,3,1,1,0,3,3,3,4,4.27,Asia,Indonesia,yogyakarta-indonesia,0.054495913
394,2,20,4697,3,2.09,1.63,1,2086,636,3,2,3,2,2,3,13,2,2,3,3,2,0,0,3,3,4,4,3.85,Europe,Croatia,split-croatia,0.051771117
479,2,25,1373,2,1.01,2.03,3,1009,630,3,2,3,2,2.782575972,3,29,2,2,3,3,1,0,1,4,4,4,4,3.93,Europe,Czechia,brno-czechia,0.065395095
503,3,68,793,1,0.57,2.02,3,835,643,2,1,2,2,2,2,15,1,2,2,3,1,1,0,3,3,3,4,3.98,Asia,Indonesia,jakarta-indonesia,0.182561308
524,3,20,1129,2,0.59,0.99,3,944,592,2,1,3,3,1,1,33,1,2,1,3,2,0,0,2,3,4,4,4.61,Europe,Ukraine,kiev-ukraine,0.051771117
478,2,25,1495,1.974318854,2.19,1.61,2,1287,709,2,2,4,3,2,3,41,3,3,3,3,2.635852961,0,1,3,3,4,4,4.25,Europe,Slovenia,ljubljana-slovenia,0.065395095
350,2,30,2203.99486,1,2.25,3.88,1,1577,867,2,1,2,3,2,4,14,1,3,3,3,2,0,1,3,2,4,1,3.09,Europe,Greece,santorini-greece,0.079019074
337,2,22,885,1,1.75,3.94,3,1092,746,3,1,3,3,2,4,9,3,2,3,3,2,0,1,3,3,4,4,4.07,Europe,Greece,thessaloniki-greece,0.057220708
810,2,20,2257,1,2.36,1.35,1,2027,1117,3,2,4,4,2,4,21,2,1,3,3,2,0,1,3,3,4,4,3.88,Europe,Italy,florence-italy,0.051771117
506,2,10,1007,3,1.76,2.71,2,1282,794,3,3,2,2,3,4,18,2,1,3,3,2,0,1,3,3,4,4,3.73,Europe,Spain,granada-spain,0.024523161
758,2,8,2593,2,1.74,3.4,1,1984,1124,4,3,4,4,4,3,38,3,2,4,3,4,0,1,3,3,4,4,4.34,North America,Canada,kelowna-canada,0.019073569
852,2,13,2166,2,1.57,3.06,2,1841,1148,4,3,4,1,4,3,38,4,2,4,3,4,0,1,3,4,4,4,4.26,North America,Canada,victoria-canada,0.032697548
680,2,22,1891,2,2.68,2.73,1,1882,1077,2,2,2,2,3,4,74,2,2,3,3,2,0,1,3,3,4,1,3.95,Europe,France,avignon-france,0.057220708
385,2,55,549,1,0.29,1.13,3,570,447,2,1,2,2,2,2,7,1,1,2,3,1,0,0,3,2,3,4,3.91,Asia,Indonesia,surabaya-indonesia,0.147138965
141,2,59,671,1,0.31,1.1,3,399,235,2,1,3,2,2,2,9,1,2,2,3,2,0,0,3,3,3,4,3.96,Asia,Indonesia,bandung-indonesia,0.158038147
930,2,12,2471,3,1.97,3.5,1,2057,1288,4,3,4,4,4,3,42,3,2,4,3,3,0,1,3,3,4,4,4.23,Europe,Sweden,gothenburg-sweden,0.029972752
722,2,50,2166,1.638495083,0.84,2.82,2,1526,907,2,2,3,3,3,3,16,2,3,2,3,2,0,0,1,3,4,1,3.82,Latin America,Trinidad and Tobago,port-of-spain-trinidad-and-tobago,0.133514986
867,2,21,1495,1,3.12,3.11,1,1848,1219,2,3,2,2,3,4,41,2,2,4,3,2,0,1,4,3,4,4,3.82,Europe,Austria,innsbruck-austria,0.054495913
261,2,14,793,2,0.44,0.44,3,452,279,2,1,3,3,1,1,17,2,2,2,3,2,0,0,3,3,3,2,4.2,Asia,Vietnam,nha-trang-vietnam,0.035422343
1376,2,20,2257,1,3.99,4.22,1,2641,1796,4,3,3,2,4,4,41,2,2,4,3,2,0,1,4,3,4,4,4.1,Europe,Switzerland,basel-switzerland,0.051771117
1355,2,20,2105,1,3.52,5.45,1,2856,1958,3,3,3,2,4,4,39,3,2,4,3,2,0,1,4,3,4,4,3.58,Europe,Switzerland,lausanne-switzerland,0.051771117
896,2,14,2349,2,1.64,2.8,1,1980,1203,4,3,4,2,4,3,20,3,2,4,3,3,0,1,4,4,4,4,4.21,Oceania,Australia,hobart-australia,0.035422343
408,2,8,1464,1,1.98,1.69,2,1358,688,2,2,2,2,2,4,28,1,2,3,3,2,1,1,3,3,4,1,3.87,Europe,Italy,palermo-sicily-italy,0.019073569
451,2,33,641,2,1.08,1.45,3,834,591,2.030051403,1,3,4,3,1,12,2,1,2,3,3,0,0,1,2,1,4,3.59,Latin America,Brazil,recife-brazil,0.08719346
2075,2,22,3538,2,1.88,3.99,1,3219,2199,3,2,3,4,3,3,20,3,1,3,3,2,0,1,3,3,4,1,4.31,North America,United States,key-west-fl-united-states,0.057220708
1180,3,18,1769,2,2.11,4.43,1,2338,1667,2,2,2,2,3,3,33,1,2,3,3,1,0,1,2,3,4,4,4.21,North America,United States,baltimore-md-united-states,0.046321526
792,2,14,1617,3,1.98,2.97,2,1758,1126,3,2,4,3,3,2,20,2,3,3,3,4,0,1,4,4,4,4,4.13,Europe,United Kingdom,liverpool-united-kingdom,0.035422343
607,2,19,2196,3,2.64,2.97,1,1952,1020,3,2,4,2,3,2,15,2,2,3,3,4,0,1,3,3,4,4,4.4,Europe,United Kingdom,cardiff-united-kingdom,0.049046322
110,2,10,854,1,1.1,1.19,3,563,270,2,2,4,3,3,2,9,3,2,3,3,3,0,0,2,3,4,4,3.81,Latin America,Argentina,cordoba-argentina,0.024523161
186,2,14,1068,1,0.99,1.34,3,803,362,1,2,2,1,3,2,6,2,2,3,3,2,0,0,2,3,4,1,3.68,Latin America,Argentina,mendoza-argentina,0.035422343
960,3,14,2410,2,1.67,3.54,1,2301,1478,3,2,4,3,3,3,37,3,4,3,3,3,0,1,2,3,4,4,3.7,North America,United States,new-orleans-la-united-states,0.035422343
145,2,82,702,1.998339982,0.36,0.72,3,432,223,1,1,3,2,2,1,5,1,2,1,2,3,0,0,1,2,3,1,3.37,Latin America,Bolivia,la-paz-bolivia,0.220708447
270,2,60,854,1.461995858,0.61,1.44,3,621,398,1,1,4,2,2,1,5,2,2,1,3,3,0,0,2,2,3,4,3.63,Latin America,Bolivia,cochabamba-bolivia,0.160762943
443,2,26,915,2.235342629,1.43,2.97,2,1237,786,3,3,3,2,3,2,19,3,2,3,3,3,0,0,2,3,3,4,4.17,Latin America,Uruguay,montevideo-uruguay,0.068119891
335,2,34,1037,1,0.78,2.09,3,838,542,2,1,2.19353457,2,2,3,7,1,1.976064505,2,3,1,1,0,2,2,1,2,3.64,Latin America,Paraguay,asuncion-paraguay,0.089918256
97,2,6,1348.015711,2,0.87,1.68,3,510,305,1,1,2,2,3,1,21,3,2,2,3,2,1,0,1,3,1,4,3.75,Latin America,Brazil,campo-grande-brazil,0.013623978
323,2,17,793,2,0.91,1.72,3,785,500,2,1,4,4,3,1,7,3,2,2,3,3,0,0,1,3,1,4,2.83,Latin America,Brazil,florianopolis-brazil,0.04359673
1103,2,16,2257,3,2.64,2.97,1,2355,1456,3.680678007,2,3,2,3,2,24,3,3,3,3,4,0,1,3,4,4,4,4.19,Europe,United Kingdom,brighton-united-kingdom,0.040871935
900,2,19,1434,3,3.3,3.24,1,2156,1364,4,2,3,3,3,2,34,4,2,3,3,4,0,1,4,3,4,4,3.93,Europe,United Kingdom,birmingham-united-kingdom,0.049046322
465,2,23,5033,3,2.41,2.12,1,2356,796,1,2,2,2,2,3,15,1,1,3,3,2,1,0,4,3,4,4,3.71,Europe,Croatia,dubrovnik-croatia,0.059945504
843,2,177,1129,1,0.48,2.1,3,1214,938,1,2,2,1,1,3,4,1,1,1,2,1,1,0,2,1,1,2,3.09,Africa,Tanzania,dar-es-salaam-tanzania,0.479564033
904,2,28,3081,1,2.74,5.4,1,2543,1444,4,2,4,4,2,4,18,3,3,3,3,2,0,1,3,3,4,2,4.06,Europe,Italy,venice-italy,0.073569482
888,2,82,1586,2,0.68,3.15,3,1573,1153,2,1,2,3,2.19062113,4,6,1,1,3,2,1.635967368,1,0,3,2,1,4,3.1,Middle East,Oman,muscat-oman,0.220708447
362,2,48,1891,1,0.88,2.64,2,1148,627,2,3,3,3,4,3,8,3,1,3,3,3,1,0,2,2,4,2,3.3,Latin America,Costa Rica,puerto-viejo-costa-rica,0.128065395
396,2,51.50766819,1190,1,0.69,1.2,3,717,477,2,2,2,3,3,2,6,2,1,3,3,2,1,0,2,2,4,4,2.68,Latin America,Argentina,ushuaia-argentina,0.137623074
1310,2,13,2349,2,1.66,4.1,1,2615,1863,3,2,3,3,3,3,42,3,2,3,4,3,0,1,3,4,4,4,4.38,North America,United States,denver-co-united-states,0.032697548
1110,2,18,2959,2,1.71,3.33,1,2363,1479,3,2,3,3,3,3,47,2,3,3,3,3,0,1,3,3,4,4,4.18,North America,United States,nashville-tn-united-states,0.046321526
1336,2,7,2806,2,1.52,3.16,1,2412,1571,2,3,3,2,4,3,58,2,2,4,3,2,0,1,3,3,4,4,4.05,North America,Canada,whistler-canada,0.016348774
579,2,24,1068,2,2.75,3.75,2,1616,1070,3,2,3,2,3,4,46,3,1,3,3,2,0,1,3,3,4,4,4.25,Europe,France,grenoble-france,0.0626703
398,2,33,1159,1,0.52,1.72,3,862,534,1,1,3,2,1,1,5,2,3,1,3,2.317212678,1,0,2,3,1,4,3.78,Africa,Kenya,nairobi-kenya,0.08719346
186,2,170,915,1,0.37,1.28,3,536,291,1,1,2,2,1,4,2,1,1,1,2,1.080167019,0,0,1,1,1,4,3.88,Africa,Uganda,kampala-uganda,0.460490463
387,2,177,1251,1,0.51,1.54,1,809,493,3,1,3,2,1,1,1,1,2,1,2,1.364240293,1,0,2,2,1,4,3.58,Africa,Rwanda,kigali-rwanda,0.479564033
899,2,45,2166,2,2.47,4.47,1,2296,1437,4,1,2,2,4,3,24,3,4,2,3,3,1,1,3,4,4,4,4.16,Middle East,Israel,jerusalem-israel,0.119891008
196,2,23,915,2,0.28,1.35,3,568,311,1,1,3,2,1,2,6,1,2,1,3,2,1,0,2,3,4,4,3.91,Middle East,Egypt,cairo-egypt,0.059945504
239,2,6,1159,1.829654342,0.89,1.19,3,761,370,3,1,3,4,1,1,19,2,2,3,3,2,0,0,3,3,4,2,4.18,Europe,Bulgaria,bansko-bulgaria,0.013623978
281,2,21,1586,3,0.47,1.43,3,824,400,2,1,4,3,2,3,6,2,2,1,3,2,0,0,2,3,4,4,4.41,Asia,Philippines,davao-philippines,0.054495913
290,2,34,1830,1,0.44,0.88,3,861,368,2,1,4,3,3,2,19,3,2,2,3,1.758076501,0,0,2,3,4,4,3.95,Latin America,Mexico,puerto-vallarta-mexico,0.089918256
527,2,13,1769,1,0.44,1.36,3,1034,599,2,1,4,2,3,2,19,2,2,2,3,2.058252604,0,0,2,3,4,4,3.88,Latin America,Mexico,san-miguel-de-allende-mexico,0.032697548
1276,2,31,1403,2.275399105,1.26,2.92,2,1811,1439,3,1,4,3,3,2,23,2,2,3,3,3,0,0,2,3,4,4,3.55,Latin America,Panama,panama-city-panama,0.081743869
1090,2,9,3111,2,2.03,4.19,1,2593,1621,4,2,3,2,3,3,14,2,2,3,3,3,0,1,3,3,4,2,4.14,North America,United States,anchorage-ak-united-states,0.021798365
226,2,18,1220,2,0.4,0.84,3,668,306,2,1,3,3,1,1,24,1,3,1,3,2,0,0,2,3,4,4,4.46,Europe,Ukraine,lviv-ukraine,0.046321526
558,2,27,1708,1,1.77,2.4,2,1391,812,3,3,4,4,2,2,31,2,3,3,3,3,1,0,3,3,4,4,4.34,Europe,Lithuania,vilnius-lithuania,0.070844687
245,2,55,1342,3,0.44,1.52,3,918,401,2,2,4,3,1,1,13,1,2,1,3,1,0,0,3,2,4,2,4.18,Europe,Georgia,tbilisi-georgia,0.147138965
1190,2,14,2135,2,1.66,4.01,1,2219,1528,4,2,3,2,3,3,35,3,2,3,3,3,0,1,3,4,4,4,4.43,North America,United States,sacramento-ca-united-states,0.035422343
1000,2,14,2135,2,1.74,3.5,1,2023,1318,4,2,3,2,3,3,41,2,2,3,3,3,0,1,4,4,4,4,4.29,North America,United States,asheville-nc-united-states,0.035422343
313,2,189,1014.347418,3,0.5,3,3,1001.025844,525,2,1,2,2,2,1,7,1,1,2,2,1,0,0,3,2,3,1,3.68,Asia,China,xian-china,0.51226158
462,2,165,885,1.683297845,0.47,1.02,3,775,527,2,2,2,2,1,1,3,1,1,3,2,1.476454063,0,0,2,2,4,4,3.79,Asia,Mongolia,ulaanbaatar-mongolia,0.446866485
326,2,38,854,2,0.92,1.86,3,814,503,2,2,3,3,2,3,37,1,2,3,3,1,0,1,4,3,4,4,4.27,Europe,Poland,lodz-poland,0.100817439
350,4,64,1068,2,1.43,2.78,3,992,641,2.525840652,3,4,2,3,3,17,1,2,3,3,3,0,0,3,3,4,4,3.78,Latin America,Chile,santiago-chile,0.171662125
1010,2,55,2349,1.957983929,1.67,3.27,2,2082,1304,2,2,4,3,2.589022759,2.513878336,15,3,1,2,3,3,0,0,2,3,4,2,3.93,Latin America,Puerto Rico,san-juan-puerto-rico,0.147138965
558,2,21,3355,1.635856374,1.44,2.54,1,1850,815,1,3,2,2,3,2,23,1,1,3,3,1,0,0,2,3,3,1,3.35,Latin America,Uruguay,punta-del-este-uruguay,0.054495913
963,2,24,2166,1,2.79,3.47,1,2152,1329,3,4,3,3,4,4,45,4,3,4,3,3,0,1,4,3,4,4,4.43,Europe,Netherlands,groningen-netherlands,0.0626703
930,2,21,1678,2,1.67,4.99,2,2041,1456,2,2,2,1,3,3,38,4,1,3,3,3,0,1,2,4,4,4,4.24,North America,United States,st-louis-mo-united-states,0.054495913
361,2,64,1342,1,0.26,0.52,3,722,389,3,1,4,3,1,2,10,1,1,1,3,1.891957104,0,0,3,3,4,4,3.99,Asia,Sri Lanka,colombo-sri-lanka,0.171662125
727,3,13,1617,2,2.12,3.57,2,1717,1116,4,3,3,1,4,3,30,3,1,4,3,3,0,1,4,4,4,4,4.24,Oceania,Australia,cairns-australia,0.032697548
792,2,50,2440,2.065566899,0,2.39,2,1408,846,2,2,1,2,2.009698426,2,3,1,1,1,3,3,0,0,3,2,4,4,3.16,Oceania,Fiji,suva-fiji,0.133514986
521,2,61,1251,1,0.68,1.45,3,1010,650,1,1,4,3,2,3,6,1,4,2,3,1,1,0,3,3,3,4,3.85,Africa,Morocco,casablanca-morocco,0.163487738
407,2,50,1220,1,0.55,1.63,3,824,516,2,1,4,1,1.559831727,1,5,2,1,1,3,1,0,0,2,2,3,4,3.35,Asia,Laos,vientiane-laos,0.133514986
400,2,124,946,3,0.4,0.75,3,688,440,3,1,2,2,2,1,5,1,1,2,2,1,0,0,3,2,3,4,2.93,Asia,China,wuhan-china,0.335149864
610,2,18,2654,2,1.69,3.05,2,1816,966,4,3,3,2,4,3,40,2,3,4,3,4,0,1,4,3,4,4,4.15,Oceania,New Zealand,dunedin-new-zealand,0.046321526
452,2,45,763,3,1.02,3.85,3,972,773,3,2,3,3,2,3,33,1,2,3,3,2,0,1,4,3,4,1,4.48,Asia,South Korea,daegu-south-korea,0.119891008
617,2,50,1098,2.659150817,1.25,1.5,3,1068,718,2,1,4,4,2.303969875,3,1,2,3,2,3,2,0,0,3,2,4,1,3.02,Latin America,Cuba,havana-cuba,0.133514986
95,2,109,1342,1,0.08,0,3,413,187.5273776,1,1,2,1,1,1,3,1,1,1,2,1,1,0,2,2,3,1,3.51,Asia,India,rishikesh-india,0.294277929
179,2,33,1220,1.329391677,0.57,0.66,3,595,249,1,1,2,2,1,1,4,1,1,1,3,1.161001895,1,0,2,2,3,1,3.29,Africa,Ethiopia,addis-ababa-ethiopia,0.08719346
817,2,24,1464,1,2.58,3.41,1,1905,1229,3.488494553,4,3,2,4,4,42,2,2,4,3,3,0,1,4,4,4,4,4.23,Europe,Netherlands,nijmegen-netherlands,0.0626703
900,2,16,1464,2,1.54,3.48,2,1655,1145,3,2,4,3,3,3,60,3,2,3,3,3,0,1,2,4,4,4,4.24,North America,United States,kansas-city-mo-united-states,0.040871935
258,2,37,2623,3,0.49,1.23,3,1070,368,2,2,2,4,2,2,51,1,2,3,3,2,0,0,3,3,4,4,3.86,Europe,Romania,constanta-romania,0.098092643
811,2,12,2013,3,1.31,3.3,1,1997,1182,2,2,2,2,3,2,27,2,2,3,3,2,0,1,3,3,4,1,4.07,Europe,United Kingdom,cheltenham-united-kingdom,0.029972752
754,2,25,2074,1,2.22,2.43,1,1870,1074,3,2,2,3,2,4,14,2,3,3,3,1,0,1,3,3,4,4,4.41,Europe,Italy,pisa-italy,0.065395095
608,2,51,1312,2,0.92,2.59,3,1199,803,2,2,3,4,2,3,37,2,3,3,3,2,0,1,3,3,4,4,4.21,Europe,Poland,krakow-poland,0.136239782
800,2,16,1739,2,1.59,3.59,2,1770,1199,3,2,4,2,3,3,16,2,2,3,3,3,0,1,3,3,4,4,4.108303654,North America,United States,des-moines-ia-united-states,0.040871935
920,2,11,1647,2,1.67,3.66,2,1686,1095,3,2,4,1,3,3,19,3,1,3,3,3,0,1,3,3,4,4,4.33,North America,United States,tucson-az-united-states,0.027247956
272,2,50,885,1,0.7,1.82,3,614,402,2,1,3,3,1.851338653,1,12,1,2,1,3,2,0,0,2,3,3,4,3.99,Asia,Laos,luang-prabang-laos,0.133514986
551,2,50,1220,1.881756054,0.43,0.58,3,864,558,3,2,3,4,1,1.899213032,6,1,1,1,3,1.452277565,0,0,2,3,4,2,4.08,Asia,Myanmar,yangon-myanmar,0.133514986
357,2,27,1251,1,0.71,1.99,3,825,508,3,2,2,2,3,4,29,2,1,2,3,2,0,0,3,3,4,4,4.35,Asia,Taiwan,taichung-taiwan,0.070844687
282,2,82,1373,3,0.54,3.52,3,920,568,2,1,2,1,2,1,4,1,1,2,2,1,0,0,3,2,3,4,3.48,Asia,China,kunming-china,0.220708447
180,2,44,833.7131879,3,0.58,0,3,438,250,1.612515054,1,3,3,2,1,3,1,2,2,3,1,0,0,4,2,3,1,3.61,Asia,China,yangshuo-china,0.117166213
466,2,97,1525,3,0.41,0.75,3,916,506,3,1,2,2,2,1,6,1,2,2,2,1,0,0,3,2,3,4,3.57,Asia,China,suzhou-china,0.261580381
692,2,18,1890.563234,2,1.19,3.34,2,1611,1015,3,2,2,2,2,4,36,2,3,3,3,2,0,1,3,3,4,1,2.93,Asia,Japan,hiroshima-japan,0.046321526
311,3,7,1068,2.634914298,0.29,2.33,3,777,490,1,1,3,2,2,1,6,1,1,1,3,1.415446788,0,0,2,3,4,4,3.43,Europe,Azerbaijan,baku-azerbaijan,0.016348774
270,2,50,1037,1.686233832,0.54,1.61,3,745,410,3,2,3,2,1,1,5,1,3,2,3,2,0,0,3,3,4,4,4.3,Europe,Armenia,yerevan-armenia,0.133514986
449,2,34,1434,3,1.01,2.43,3,1253,714,3,3,2,2,2,1,30,2,2,3,3,2.155283273,0,0,3,3,4,4,4.33,Europe,Latvia,riga-latvia,0.089918256
472,2,14,1983,3,1.45,2.52,2,1440,768,4,3,4,3,2,2,30,3,3,3,3,3,0,0,3,4,4,4,4.25,Europe,Estonia,tallinn-estonia,0.035422343
714,2,28,3050,1,1.88,1.9,1,2019,1017,2,2,3,2,2,4,19,1,2,3,3,1,0,1,3,3,4,4,3.85,Europe,Italy,como-italy,0.073569482
898,2,5,6375,1,3.97,4.3,1,3467,1436,2,3,2,3,4,4,51,2,2,4,3,2,0,1,4,3,4,1,3.75,Europe,Switzerland,interlaken-switzerland,0.010899183
1462,2,27,1861,1,2.55,3.43,1,1891,1204,4,3,4,3,3,3,27,4,3,4,3,3,0,1,4,4,4,4,4.4,Europe,Germany,frankfurt-germany,0.070844687
300,2,50,976,2.042684403,0.44,0.49,3,656,346,2,1,4,2,1,1,4,2,2,2,3,1.702790953,0,0,2,2,3,4,4.3,Asia,Kyrgyzstan,bishkek-kyrgyzstan,0.133514986
698,2,24,2684,1,1.76,1.35,2,1865,936,4,2,3,3,2,4,25,2,2,3,3,1,0,1,3,4,4,4,4.38,Europe,Italy,trento-italy,0.0626703
745,3,35,2471,1,2.45,3.28,2,1679,1058,4,3,3,3,3,3,33,4,3,4,3,3,0,1,4,3,4,4,4.33,Europe,Germany,cologne-germany,0.092643052
792,2,18,1922,3,1.76,2.97,2,1777,1110,3,2,2,2,3,2,33,3,3,3,3,4,0,1,3,3,4,4,3.79,Europe,United Kingdom,belfast-united-kingdom,0.046321526
900,2,17,2288,2,2.15,3.84,1,2164,1334,4,3,3,3,3,4,31,2,3,4,3,4,0,1,4,4,4,4,4.21,Europe,Ireland,galway-ireland,0.04359673
400,2,50,1708,1.833039032,1,2.05,3,1120,578,2,1,2,4,3,2,19,3,3,3,3,3,0,0,1,3,4,2,4.14,Latin America,Panama,bocas-del-toro-panama,0.133514986
717,2,9,3386,1,2.35,2.85,1,2431,1123,2,4,2,1,4,4,55,3,1,4,3,2,0,1,4,3,4,1,3.98,Europe,Netherlands,deventer-netherlands,0.021798365
262,2,74,1220,1,1.04,1.46,3,795,422,2,1,2,2,2,2,14,1,2,2,3,1.503181217,0,0,3,3,4,4,3.93,Europe,Macedonia,skopje-macedonia,0.198910082
1040,2,16,1617,2,1.73,3.67,2,1741,1186,3,2,3,2,3,3,36,3,3,3,3,3,0,1,3,4,4,4,4.27,North America,United States,san-antonio-tx-united-states,0.040871935
675,2,9,3111,1,2.48,1.59,1,2262,1028,2,2,2,1,2,4,16,1,2,3,3,2,1,1,3,3,4,1,3.75,Europe,Italy,siena-italy,0.021798365
487,2,19,1129,2,2.08,3.12,2,1377,896,3,2,3,2,3,4,34,3,2,3,3,2,0,1,3,3,4,4,4.01,Europe,France,nantes-france,0.049046322
786,2,22,1434,3,2.64,2.97,2,1894,1171,3,2,4,4,3,2,24,2,3,3,3,4,0,1,3,3,4,4,4.02,Europe,United Kingdom,leeds-united-kingdom,0.057220708
792,2,21,1952,3,2.64,2.97,1,2027,1177,3,2,3,3,3,2,28,3,1,3,3,4,0,1,3,4,4,4,3.86,Europe,United Kingdom,southampton-united-kingdom,0.054495913
341,3,47,580,1.988843454,0.65,8,3,877,874,1,1,2,1,2,3,3,1,2,1,3,2,0,0,1,2,1,1,2.84,Latin America,Venezuela,caracas-venezuela,0.125340599
743,2,34,2867,1,2.33,3.17,1,2239,1175,2.471979653,2,3,2,2,4,22,1,2,3,3,1,0,1,3,4,4,4,4.28,Europe,Italy,verona-italy,0.089918256
175,2,28,610,1,0.5,1.21,3,560,306,2,1,4,2,3,2,20,2,2,2,3,1.867927991,0,0,2,3,4,4,4.17,Latin America,Mexico,hermosillo-mexico,0.073569482
248,2,19,1464,2,1,2,3,970,488,2,2,3,2,1,1,4,3,1,2,3,2,0,0,1,3,1,4,3.87,Africa,South Africa,port-elizabeth-south-africa,0.049046322
467,2,56,854,1.909527269,0.56,1.11,3,792,551,1,1,3,2,3,2,5,1,1,1,3,2,0,0,1,2,4,2,3.56,Latin America,Guatemala,guatemala-city-guatemala,0.14986376
598,2,89,2501,1.395544084,1.33,2.16,2,1585,845,2,2,2,3,2,2,10,1,1,2,3,1.474103702,0,0,1,2,3,1,3.85,Latin America,Belize,caye-caulker-belize,0.239782016
541,2,91,3142,1.455028727,0.66,1.33,2,1484,652,2,2,3,4,2,2,9,1,1,2,3,1.806770958,0,0,1,2,3,2,3.7,Latin America,Belize,san-pedro-belize,0.245231608
247,2,50,824,1.682977806,0.56,1.3,3,618,357,1,2,1,1,1,1,1,1,1,1,3,2,0,0,3,2,3,4,3.32,Africa,Madagascar,antananarivo-madagascar,0.133514986
431,2,8,1312,3,0,0,3,779,393,2,1,3,2,3,1,18,1,2,1,3,2,0,0,2,3,1,4,3.7,Asia,Thailand,ko-chang-thailand,0.019073569
533,2,49,2044,1,1.14,1.99,2,1323,711,2,3,2,2,4,3,8,1,1,3,3,3,1,0,2,2,4,4,3.46,Latin America,Costa Rica,tamarindo-costa-rica,0.130790191
594,2,36,1098,2,1.13,1.98,3,1100,758,2,2,3,3,2,3,33,2,2,3,3,2,0,1,3,3,4,4,3.9,Europe,Poland,wroclaw-poland,0.095367847
420,2,27,1281,1,1.5,1.95,3,1077,631,3,3,2,2,2,2,19,1,2,3,3,3,1,0,2,3,4,4,4.28,Europe,Lithuania,kaunas-lithuania,0.070844687
1320,2,21,2623,3,2.64,2.97,1,2427,1591,4,2,4,3,3,2,31,4,3,3,3,4,0,1,3,4,4,4,4.41,Europe,United Kingdom,oxford-united-kingdom,0.054495913
622,2,35,1190,2,0.95,3.1,3,1251,918,3,2,2,3,2,4,46,2,2,3,3,2,0,1,4,3,4,1,3.97,Asia,Japan,fukuoka-japan,0.092643052
660,2,18,1342,3,2.64,3.3,2,1783,1085,3,2,3,2,3,2,23,2,2,3,3,2,0,1,4,3,4,4,4.07,Europe,United Kingdom,sheffield-united-kingdom,0.046321526
1111,2,5,2013,2,1.48,1.85,2,1918,1286,3,3,4,2,4,3,17,3,2,4,3,3,0,1,3,3,4,2,2.86,Oceania,Australia,gold-coast-australia,0.010899183
901,2,21,2684,1,2.73,3.51,1,2386,1333,4,4,4,3,4,4,72,4,2,4,3,3,0,1,4,4,4,4,4.14,Europe,Netherlands,leiden-netherlands,0.054495913
1313,2,18,2257,1,3.06,3.5,1,2419,1664,4,4,4,3,4,4,63,4,2,4,3,3,0,1,4,3,4,4,4.14,Europe,Netherlands,the-hague-netherlands,0.046321526
227,2,50,1053.026804,1,1.25,4,3,897,633,2,1,2,2,1.447360147,1,1,1,1,1,3,1,1,0,2,2,4,1,2.95,Asia,North Korea,pyongyang-north-korea,0.133514986
691,2,19,1220,2,2.88,2.82,2,1599,1064,4,2,3,3,3,4,27,3,3,3,3,2,0,1,3,4,4,4,4.36,Europe,France,toulouse-france,0.049046322
394,2,77,1114.713317,1.947467765,0.46,1.85,2,872,555,1,1,3,2,1,2,11,1,1,1,3,2,1,0,2,2,1,4,3.36,Middle East,Iran,tehran-iran,0.207084469
122,2,158,1159,1.819817243,0.28,1.77,3,652,317,2,1,3,1,1,2,4,1,1,1,2,2,1,0,2,2,4,2,2.7,Asia,Bangladesh,dhaka-bangladesh,0.427792916
573,2,27,1220,1,1.32,2.42,3,1220,832,1,3,2,2,4,3,7,2,3,3,3,2,1,0,1,3,4,4,4.29,Latin America,Costa Rica,san-jose-costa-rica,0.070844687
825,2,33,3599,2,2,4,1,2258,1213,3,2,4,2,3,3,16,2,1,3,3,3,0,1,3,3,4,2,4.2,North America,United States,park-city-ut-united-states,0.08719346
829,2,20,1403,1,2.66,3.12,2,1800,1173,2,3,2,2,3,3,32,1,2,4,3,2,0,1,4,3,4,2,3.91,Europe,Germany,heidelberg-germany,0.051771117
623,2,141,1007,1.956443394,0.83,2.05,3,1162,804,1,2,4,4,1,3,4,1,1,1,2,1.002249189,0,0,2,2,1,1,3.41,Africa,Senegal,dakar-senegal,0.38147139
394,2,85,1495,2,1,2,3,1089,612,1,2,3,2,1,1,3,2,1,2,2,2,0,0,1,2,1,4,3.67,Africa,South Africa,johannesburg-south-africa,0.228882834
906,2,9,3508,1,2.55,3.03,1,2595,1320,3,4,3,3,4,4,28,4,2,4,3,2,0,1,4,3,4,4,4.17,Europe,Netherlands,haarlem-netherlands,0.021798365
525,2,50,1464,3,1.75,1.17,2,1284,688,3,3,3,4,3,4,50,3,1,3,3,2,0,1,4,2,4,4,3.79,Europe,Spain,corralejo-canary-islands-spain,0.133514986
626,2,31,3904,1,2.85,1.94,1,2448,1004,2,2,3,2,2,4,20,1,2,3,3,2,1,1,3,3,4,1,3.81,Europe,Italy,rimini-italy,0.081743869
586,2,29,1586,2,2.18,2.18,2,1664,963,3,2,3,2,3,4,20,3,3,3,3,2,0,1,2,3,4,4,4.4,Europe,France,marseille-france,0.076294278
1994,2,15,3172,2,1.94,4.44,1,3138,2167,2,2,2,3,3,3,18,3,3,3,3,2,0,1,3,3,4,1,4.16,North America,United States,santa-barbara-ca-united-states,0.038147139
318,2,50,1403,1,0.18,1.58,3,738,411,1,1,2,2,2,3,6,1,2,2,3,1,1,0,3,2,3,2,4.06,Africa,Morocco,el-jadida-morocco,0.133514986
569,2,13,1708,1,0.05,0,3,945,503,2.056132673,1,2.608551416,1.898794,2,3,10,1.708264821,0.89046101,2,3,1.704468808,0,0,2,2,3,4,4.13,Africa,Morocco,essaouira-morocco,0.032697548
380,2,50,1373,1,0.74,1.16,3,920,518,1,1,2,2,2,3,9,1,2,2,3,1,1,0,2,2,3,4,3.59,Africa,Morocco,agadir-morocco,0.133514986
1146,2,18,2989,2,1.78,3.72,1,2317,1451,4,2,3,2,3,3,23,3,2,3,3,3,0,1,3,4,4,4,4.44,North America,United States,ann-arbor-mi-united-states,0.046321526
403,2,55,1068,1.694791819,0.99,2.35,3,1051,662,2,2,3,4,2,3,9,1,2,2,3,3,0,0,1,2,1,4,3.49,Latin America,Dominican Republic,santo-domingo-dominican-republic,0.147138965
646,2,18,1312,1,2.6,1.75,1,1798,1042,2,2,3,3,2,4,27,1,2,3,3,2,0,1,3,3,4,4,4.019301689,Europe,Italy,turin-italy,0.046321526
233,2,106,1007,3,0.45,0.98,3,574,305,3,1,2,2,2,1,8,2,2,2,2,1,0,0,3,2,3,4,4.2,Asia,China,chongqing-china,0.286103542
225,2,83,1617,3,0.59,0,3,759,293,2,1,1,1,2,1,3,1,1,2,2,1,0,0,3,2,3,1,3.46,Asia,China,guilin-china,0.223433243
181,2,58,793,1,0.72,1.71,3,655,376,2,1,3,2,3,2,16,2,1,2,3,1.445674583,0,0,2,3,4,4,4.1,Latin America,Mexico,merida-mexico,0.155313351
496,2,40,1342,2,0.92,2.2,3,1127,671,1,3,2,2.169175661,3,3,11,1,2,3,3,2,1,0,3,2,4,4,3.34,Latin America,Chile,la-serena-chile,0.10626703
683,2,22,1373,2,2.53,3.85,1,1801,1170,4,2,3,4,3,4,52,3,3,3,3,2,0,1,3,3,4,4,4.27,Europe,France,lille-france,0.057220708
467,2,35,2959,1.644044952,1.55,1.92,2,1552,681,1,1,2,2,2,2.390443412,17,1,1,3,3,1.775147424,0,0,3,3,4,4,3.2,Europe,Montenegro,budva-montenegro,0.092643052
553,2,29,1861,1,2.96,2.06,1,1991,990,2,2,2,2.522606855,2,4,9,1,2,3,3,2,1,1,3,3,4,1,3.81,Europe,Italy,ferrara-italy,0.076294278
295,2,30,732,2,0.88,1.89,3,731,482,1,1,2,2,3,1,9,2,2,2,3,2,1,0,1,3,1,4,3.6,Latin America,Brazil,vitoria-brazil,0.079019074
554,2,27,1556,1,2.48,3.5,2,1467,929,4,3,3,2,3,3,33,3,3,4,3,3,0,1,4,3,4,4,4.14,Europe,Germany,dresden-germany,0.070844687
285,2,77,915,1.418410483,0.61,1.89,3,725,452,1,2,3,2,2,1,2,1,3,2,3,2.049398317,0,0,1,2,1,2,4.07,Latin America,El Salvador,san-salvador-el-salvador,0.207084469
1113,3,8,1708,3,0.85,1.7,2,1613,1181,2,1,2,4,2,1,11,1,2,2,3,1.96570701,0,0,3,3,3,4,3.76,Asia,China,macau-china,0.019073569
269,2,45,1129,2,0.69,1.22,3,740,392,2,2,3,2,2,3,33,2,2,3,3,1,0,1,3,3,4,4,3.9,Europe,Poland,katowice-poland,0.119891008
688,2,20,1342,2,2.77,3,1,1689,1092,2,2,2,2,3,4,28,3,2,3,3,2,0,1,3,4,4,2,4.03,Europe,France,montpellier-france,0.051771117
583,2,25,1373,1,1.88,3.15,2,1452,935,4,3,4,2,3,4,30,3,2,4,3,2,0,1,4,4,4,4,3.92,Europe,Austria,graz-austria,0.065395095
521,3,10,1159,3,0.8,2.06,3,929,659,1,1,4,3,3,1,17,4,3,1,3,1,0,0,2,3,1,4,4.04,Asia,Thailand,pattaya-thailand,0.024523161
291,2,24,610,2,0.86,1.44,3,695,453,2,1,3,3,3,1,15,2,2,2,3,3,0,0,1,3,1,4,3.95,Latin America,Brazil,curitiba-brazil,0.0626703
920,2,18,2532,2,1.64,3.52,2,2169,1341,4,2,3,2,3,3,36,2,3,3,3,3,0,1,3,4,4,4,4.3,North America,United States,grand-rapids-mi-united-states,0.046321526
750,3,6,1738.486818,2,1.67,3.33,3,1821,1099,3,2,4,3,3,3,58,2,1,3,3,3,0,1,4,3,4,1,3.81,North America,United States,black-rock-city-nv-united-states,0.013623978
144,2,51,1159,1.962626886,0.51,1.46,3,635,297,2,1,4,4,2,1,11,2,3,1,3,2,1,0,3,3,4,4,4.44,Europe,Turkey,antalya-turkey,0.136239782
468,2,50,824,3,0.55,1.09,3,786,549,2,1,4,4,2,3,18,1,2,1,3,1,0,0,2,3,4,1,3.1,Asia,Philippines,palawan-philippines,0.133514986
217,2,21,1068,1,0.59,0.62,3,593,299,1,1,3,3,3,3,8,2,1,2,3,1.448670504,0,0,3,3,1,4,3.79,Asia,Malaysia,kota-kinabalu-malaysia,0.054495913
800,2,19,1647,2,1.64,3.46,2,1799,1188,2,2,2,2,3,3,15,2,3,3,3,3,0,1,3,3,4,4,4.15,North America,United States,cleveland-oh-united-states,0.049046322
1140,3,15,1830,2,1.46,3.53,2,1736,1092,3,2,2,2,3,3,34,2,1,3,3,3,0,1,3,3,4,4,3.76,North America,United States,reno-nv-united-states,0.038147139
400,2,368,1617,1.912556459,0.73,1.33,3,960,500,1,1,2,1,3,3,14,1,2,2,1,1,1,0,2,1,1,4,3.31,Middle East,Saudi Arabia,riyadh-saudi-arabia,1
930,2,13,1586,2,1.74,3.51,2,1836,1259,3,2,3,2,3,3,44,3,2,3,3,3,0,1,3,4,4,4,3.59,North America,United States,rochester-ny-united-states,0.032697548
782,2,12,1617,2,1.49,3.33,2,1717,1119,4,3,3,2,4,3,38,2,1,4,3,4,0,1,3,3,4,4,4.22,North America,Canada,halifax-canada,0.029972752
830,2,21,1586,2,1.44,2.9,2,1586,1052,4,2,3,2,3,3,17,3,2,3,3,3,0,1,3,4,4,4,4.35,North America,United States,louisville-ky-united-states,0.054495913
827,2,16,1281,2,1.58,2.74,2,1573,1100,4,3,4,2,4,3,38,4,1,4,3,4,0,1,3,4,4,4,3.94,North America,Canada,saskatoon-canada,0.040871935
760,2,25,1373,2,1.53,3.12,1,1597,1088,3.35520069,3,3,2,4,3,16,4,2,4,3,4,0,1,3,4,4,4,4.19,North America,Canada,regina-canada,0.065395095
808,2,11,1434,2,1.52,2.63,2,1638,1094,4,3,4,2,4,3,38,2,1,4,3,4,0,1,3,4,4,4,4.24,North America,Canada,ottawa-canada,0.027247956
1107,2,23,2501,1,2.7,4.08,1,2519,1551,4,4,3,2,4,4,55,4,2,4,3,3,0,1,4,4,4,4,4.22,Europe,Netherlands,eindhoven-netherlands,0.059945504
1383,2,11,4148,3,0.45,0.75,3,2125,1235,2,1,3,2,3,1,33,1,2,1,3,2,0,0,2,3,1,4,3.57,Asia,Thailand,ko-lipe-thailand,0.027247956
568,2,29,2593,1,2.33,1.53,1,2032,918,2,2,2,2,2,4,28,1,2,3,3,2,1,1,3,3,4,1,3.87,Europe,Italy,lucca-italy,0.076294278
767,2,20,2501,3,0.71,1.83,3,1542,909,1,1,4,4,2.122670165,1,3,1,1,2,3,1.735774554,0,0,3,2,4,4,2.88,Asia,Maldives,male-maldives,0.051771117
1000,2,14,2196,2,2.15,4.44,1,2157,1409,4,2,4,3,3,3,12,3,2,3,3,3,0,1,4,3,4,4,4.07,Oceania,United States,hilo-hawaii-united-states,0.035422343
190,2,77,610,1.684451807,0.57,1.26,3,553,337,1,1,2,1,2,1,12,1,1,1,3,1,1,0,3,3,4,4,3.63,Europe,Turkey,ankara-turkey,0.207084469
277,2,171,1586,3,0.41,0.75,3,742,332,2,1,2,2,2,1,4,2,2,2,2,1,0,0,3,2,3,1,3.15,Asia,China,zhengzhou-china,0.463215259
141,2,24,1312,1,0.69,1.38,3,773,308,2,1,4,2,3,3,9,2,1,1,3,1,0,0,1,3,3,1,3.83,Latin America,Colombia,salento-colombia,0.0626703
487,2,50,5216,3,1.22,2.52,2,2183,775,2,1,2,1,2,1,18,1,2,1,3,1,0,0,1,3,4,4,3.15,Asia,Russia,vladivostok-russia,0.133514986
303,2,57,1617,1,0.66,1.2,3,877,412,2,2,3,2,2,1,21,1,2,2,3,1.927410387,0,0,2,3,4,2,4.43,Europe,Moldova,chisinau-moldova,0.152588556
314,2,50,915,3,0.28,1.4,3,653,429,2,1,4,2,2,2,13,1,2,2,3,2.276215354,0,0,3,2,4,4,3.78,Europe,Belarus,minsk-belarus,0.133514986
758,2,14,1739,2,1.71,3.88,2,1701,1120,2.888783615,2,3,1,3,3,36,2,3,3,3,3,0,1,3,3,4,4,4.32,North America,United States,ogden-ut-united-states,0.035422343
372,2,50,4636,1.836710118,1.37,2.96,1,1884,654,2,1,3,2,2.201482549,3,5,1,2,2,2,2,1,0,1,2,4,1,3.61,Africa,Seychelles,victoria-seychelles,0.133514986
357,2,91,1983,2.049058468,0.94,2.49,3,1127,577,2,2,3,1,2,2,10,1,2,2,3,1.446838009,0,0,1,2,3,2,3.64,Latin America,Belize,belize-city-belize,0.245231608
900,2,19,2074,2,1.7,3.59,2,2169,1487,4,2,2,3,3,3,23,3,3,3,3,3,0,1,3,4,4,4,4.34,North America,United States,pittsburgh-pa-united-states,0.049046322
641,2,10,1617,3,2.07,1.77,2,1580,872,2,3,2,2,3,4,18,2,2,3,3,2,0,1,4,3,4,1,3.87,Europe,Spain,pamplona-spain,0.024523161
768,2,24,1647,1,2.59,3.01,2,1695,1106,4,3,4,3,3,3,35,4,3,4,3,3,0,1,4,3,4,4,3.99,Europe,Germany,stuttgart-germany,0.0626703
777,2,22,1220,1,1.95,2.86,2,1617,1089,2,3,2,2,3,3,34,2,2,4,3,2,0,1,4,3,4,4,3.88,Europe,Germany,darmstadt-germany,0.057220708
371,2,23,1159,1,0.59,0.62,3,729,430,1,1,2,1,3,3,17,2,1,2,3,1.794327556,0,0,2,3,1,4,3.66,Asia,Malaysia,johor-bahru-malaysia,0.059945504
794,2,16,2074,2,1.62,3.36,2,1754,1096,4,2,3,2,3,3,21,2,2,3,3,3,0,1,3,4,4,4,4.38,North America,United States,gainesville-fl-united-states,0.040871935
1220,2,12,2013,2,1.64,4,2,2191,1543,2,2,3,3,3,3,38,3,3,3,3,3,0,1,3,4,4,4,4.3,North America,United States,tampa-fl-united-states,0.029972752
709,2,19,1556,1,2.28,3.33,1,1641,1073,4,3,2,2,3,3,31,2,1,4,3,3,0,1,4,3,4,4,3.79,Europe,Germany,karlsruhe-germany,0.049046322
292,2,10,1312,3,2.14,3.01,3,1175,642,2,1,3,2,2,1,18,1,2,1,3,2,0,0,1,3,4,4,4.13,Europe,Russia,kazan-russia,0.024523161
329,2,50,1007,3,0.56,2.25,3,709,476,2,1,3,1,2,3,12,2,2,1,3,2,0,0,2,3,4,4,3.6,Asia,Philippines,boracay-philippines,0.133514986
211,2,217,1190,1,0.31,0.55,3,579,257,1,1,2,1,2,1,5,1,1,1,1,3,1,0,2,1,3,1,2.68,Asia,Pakistan,islamabad-pakistan,0.588555858
660,2,19,1922,3,2.64,2.97,1,1918,1065,4,2,3,1,3,2,36,4,1,3,3,4,0,1,3,3,4,4,3.73,Europe,United Kingdom,northampton-united-kingdom,0.049046322
140,2,42,1678,1,0.29,0.7,3,647,207,1,1,2,1,2,2,7,1,1,2,3,1,1,0,3,2,3,1,3.55,Asia,Indonesia,gili-air-indonesia,0.111716621
924,2,13,1678,3,2.64,2.97,1,2061,1289,4,2,3,2,3,2,23,3,2,3,3,4,0,1,3,3,4,4,3.75,Europe,United Kingdom,aberdeen-united-kingdom,0.032697548
502,2,27,1312,2.320931229,0.79,2.75,3,1189,781,2,2,3,3,2,2,8,1,2,3,3,2,1,0,3,3,4,4,4.35,Africa,Mauritius,port-louis-mauritius,0.070844687
325,2,49,976,3,0.45,1.98,3,669,471,2,1,4,3,3,1,20,1,2,1,3,2,0,0,2,3,1,4,4.15,Asia,Thailand,chiang-rai-thailand,0.130790191
858,2,14,3294,2,0.28,0.56,3,1585,806,4,1,4,4,1,2,9,4,3,1,3,4,1,0,3,3,4,4,4.13,Middle East,Egypt,el-gouna-egypt,0.035422343
253,2,10,702,2,0.75,1.32,3,652,396,2,1,3,3,3,1,18,2,1,2,3,3,0,0,1,3,1,4,3.99,Latin America,Brazil,fortaleza-brazil,0.024523161
1056,2,16,2135,3,2.64,2.97,1,2273,1401,2,2,2,2,3,2,17,3,3,3,3,4,0,1,3,4,4,4,3.81,Europe,United Kingdom,reading-united-kingdom,0.040871935
950,2,9,4362,1.437573074,1.7,4.83,1,2663,1335,2,2,3,3,2.77459061,2,19,2,3,3,3,2,0,0,2,3,4,1,3.82,Latin America,The Bahamas,nassau-the-bahamas,0.021798365
820,2,17,1678,2,1.53,3.8,2,1820,1247,4,2,3,1,3,3,39,2,2,3,3,3,0,1,3,4,4,4,4.37,North America,United States,memphis-tn-united-states,0.04359673
88,2,56,1373,1,0.32,2.2,3,648,299,1,1,3,2,1,1,5,1,1,1,3,1,1,0,2,2,3,1,3.79,Asia,India,kozhikode-india,0.14986376
900,2,10,1922,2,1.65,3.38,2,1755,1092,4,2,3,2,3,3,14,2,1,3,3,3,0,1,3,3,4,4,4.23,North America,United States,boise-id-united-states,0.024523161
423,2,62,1678,3,0.54,4.4,3,1121,762,2,1,2,1,2,1,5,1,1,2,3,1,0,0,3,2,3,4,3.84,Asia,China,xiamen-china,0.166212534
450,2,84,1678,3,0.56,1.25,3,1060,589,2,1,3,2,2,1,7,1,1,2,2,1,0,0,3,2,3,4,3.56,Asia,China,dalian-china,0.226158038
450,2,119,976,3,0.6,2.65,3,864,628,3,1,1,1,2,1,10,1,1,2,2,1,0,0,3,2,3,4,3.45,Asia,China,harbin-china,0.321525886
239,2,51,1830,2.25230939,0.84,1.43,3,936,395,3,1,3,3,1,1,20,2,2,3,3,2,0,0,3,3,4,4,4.33,Europe,Bulgaria,varna-bulgaria,0.136239782
1177,2,21,3538,1,0.54,2.25,2,2012,1240,2,1,2,2,3,3,18,1,1,2,3,1,1,0,2,3,1,1,3.86,Asia,Malaysia,malacca-malaysia,0.054495913
1409,2,16,2166,2,2.07,3.37,1,2429,1697,4,3,4,1,4,3,21,3,1,4,3,3,0,1,4,4,4,4,4.14,Oceania,Australia,canberra-australia,0.040871935
633,3,17,1525,2,1.81,2.2,2,1544,913,3,3,4,2,4,3,45,3,2,4,3,4,0,1,3,4,4,4,4.27,North America,Canada,windsor-canada,0.04359673
275,2,29,1952,2,0.57,0.99,3,976,396,1,1,3,2,1,1,28,1,1,1,3,1,0,0,2,3,4,4,3.98,Europe,Ukraine,odesa-ukraine,0.076294278
1010,2,16,2196,2,1.73,3.5,2,2005,1295,3,2,2,2,3,3,35,3,3,3,3,3,0,1,3,3,4,4,4.52,North America,United States,richmond-va-united-states,0.040871935
132,2,16,397,2,1.75,3.83,2,1066,618,2,2,2,2,3,3,19,2,2,3,3,2,0,1,3,4,4,4,4.27,North America,United States,ashland-or-united-states,0.040871935
924,2,9,2532,3,1.54,2.97,1,1969,1205,3,2,4,1,3,2,36,3,1,3,3,4,0,1,4,3,4,4,3.48,Europe,United Kingdom,cambridge-united-kingdom,0.021798365
895,2,15,2623,3,1.94,3.3,1,2285,1270,2,2,2,2,3,2,26,2,2,3,3,2,0,1,3,4,4,1,4.06,Europe,United Kingdom,york-united-kingdom,0.038147139
924,2,15,2135,3,2.64,2.97,1,2169,1289,3,2,3,2,3,2,26,4,3,3,3,4,0,1,3,4,4,4,3.98,Europe,United Kingdom,norwich-united-kingdom,0.038147139
441,2,17,1220,3,1.22,0.89,3,1077,570,4,3,3,2,2,4,43,2,2,4,3,2,0,1,3,3,4,4,4.37,Europe,Portugal,coimbra-portugal,0.04359673
2217,2,4,2715,2,2.14,3.29,1,2142,1228,2,3,2,3,4,3,21,2,2,4,3,2,0,1,3,3,4,1,4.17,Oceania,Australia,byron-bay-australia,0.008174387
1210,2,11,1739,2,1.67,4.13,1,1851,1202,4,2,3,2,3,3,30,2,2,3,3,3,0,1,3,4,4,4,3.97,North America,United States,colorado-springs-co-united-states,0.027247956
1050,2,15,1586,2,1.67,3.28,2,1765,1193,4,2,3,3,3,3,33,2,2,3,3,3,0,1,3,4,4,4,4.34,North America,United States,jacksonville-fl-united-states,0.038147139
467,2,29,1129,3,0.92,1.17,3,913,568,3,3,2,3,3,2,40,1,1,3,3,1.503656645,0,0,3,3,4,4,4.17,Europe,Slovakia,kosice-slovakia,0.076294278
665,2,8,3935,3,1.93,2.22,1,2121,915,3,3,3,3,3,4,44,3,3,3,3,2,0,1,4,3,4,1,4.15,Europe,Spain,marbella-spain,0.019073569
95,2,27,1190,1,0.22,0,3,383,330.6173008,1,1,2,1,1,1,14,1,1,1,3,1,1,0,2,3,3,1,3.82,Asia,India,mcleod-ganj-india,0.070844687
393.6004429,2,202,1434,1,0.33,1.78,3,637,254,2,1,3,3,1,1,5,1,2,1,2,1,1,0,3,2,3,4,3.75,Asia,India,amritsar-india,0.547683924
301.0953134,2,211,732,1,0.49,0.97,3,545,245,1,1,2,2,1,1,8,2,2,1,2,1,0,0,2,2,3,4,3.16,Asia,India,lucknow-india,0.572207084
95,2,189,1190,1,0.43,1.13,3,607,243,2,1,3,4,1,1,4,1,2,1,2,2,1,0,3,2,3,4,3.84,Asia,India,jodhpur-india,0.51226158
114,2,79,1037,1,0.32,0.93,3,468,194,1,1,3,2,1,1,10,1,2,1,3,1,0,0,2,3,3,4,3.61,Asia,India,hyderabad-india,0.21253406
590,2,19,3050,2,1.11,4.22,2,1804,978,2,2,2,3,2,4,22,2,2,3,3,2,0,1,4,3,4,4,3.03,Asia,Japan,sapporo-japan,0.049046322
456,2,18,2013,2,0.89,1.77,2,1216,638,4,3,3,2,4,3,38,4,1,4,3,4,0,1,3,4,4,4,4.03,North America,Canada,quebec-city-canada,0.046321526
273,2,28,915,3,1.16,1.58,3,766,443,3,2,3,3,2,2,51,1,3,3,3,2,0,0,3,3,4,4,4.55,Europe,Romania,timisoara-romania,0.073569482
1140,2,12,3782,1,0,0,1,2055,1022,2,2,2,2,2,4,41,1,2,3,3,2,1,1,3,3,4,1,3.7,Europe,Italy,amalfi-italy,0.029972752
337,2,9,336,1,0.93,2.25,3,539,468,3,2,2,3,3,4,26,2,2,2,3,2,0,0,3,3,4,4,4.39,Asia,Taiwan,tainan-taiwan,0.021798365
673,2,20,1037,2,1.18,3.58,2,1391,1051,3,2,2,2,2,4,15,2,1,3,3,2,0,1,4,3,4,4,2.86,Asia,Japan,naha-okinawa-japan,0.051771117
671,2,25,1495,2,2.76,2.89,1,1853,1102,2,2,2,2,3,4,52,2,2,3,3,2,0,1,3,3,4,2,4.24,Europe,France,strasbourg-france,0.065395095
408,2,50,1434,3,1.37,2.53,3,1225,713,3,3,4,2,2,4,40,2,2,4,3,2,0,1,4,3,4,1,4.38,Europe,Portugal,funchal-madeira-portugal,0.133514986
309,2,11,1083.935559,2,1.03,1.55,3,807,475,1,1,3,2,3,1,9,2,2,2,3,2,1,0,1,3,1,2,3.64,Latin America,Brazil,manaus-brazil,0.027247956
466,2,47,1373,2,1.91,4.23,1,1550,944,3,3,2,3,2,3,10,2,3,2,3,2,0,0,3,3,4,4,3.6,Europe,Cyprus,nicosia-cyprus,0.125340599
322,2,66,702,2,0.64,1.29,3,710,458,1,1,3,4,3,1,13,1,2,2,3,3,0,0,1,3,1,4,3.27,Latin America,Brazil,porto-alegre-brazil,0.177111717
720,2,50,2627.989693,1,2.14,4.28,1,1973,1204,2,1,2,3,2,4,14,2,3,3,3,2,0,1,3,2,4,4,3.57,Europe,Greece,mikonos-greece,0.133514986
223,2,65,641,2,0.88,1.35,3,617,374,2,1,2,1,3,1,11,2,3,2,3,3,0,0,1,2,1,4,3.04,Latin America,Brazil,goiania-brazil,0.174386921
575,2,50,1220,3,0.62,2.69,2,1119,803,2,1,4,4,2,3,6,3,3,1,3,2,0,0,2,3,4,4,3.82,Asia,Philippines,makati-philippines,0.133514986
384,2,29,610,2,0.86,1.54,3,760,531,3,2,2,2,2,3,42,2,2,3,3,1,0,1,4,3,4,4,3.88,Europe,Poland,lublin-poland,0.076294278
173,2,21,1251,1,0.57,2.53,3,703,414,2,1,2,2,3,3,17,1,1,2,3,1,1,0,2,3,1,1,3.59,Asia,Malaysia,ipoh-malaysia,0.054495913
105,2,42,1251,1,0.29,0.7,3,516,177,1,1,2,1,2,2,17,1,1,2,3,1,1,0,3,3,3,4,3.53,Asia,Indonesia,mataram-lombok-indonesia,0.111716621
289,2,29,1251,1,0.71,1.99,3,766,451,4,2,4,2,3,4,29,3,2,2,3,2,0,0,3,3,4,4,4.32,Asia,Taiwan,kaohsiung-taiwan,0.076294278
135,2,83,854,1,0.33,0.72,3,388,181,2,1,3,3,1,1,9,1,1,1,3,1,0,0,2,2,3,4,3.06,Asia,India,ahmedabad-india,0.223433243
115,2,105,671,3,0.5,4.12,3,585,458,2,1,2,1,2,1,5,1,1,2,2,1,0,0,3,2,3,4,3.46,Asia,China,shaoxing-china,0.283378747
517,2,4,1678,2.060469798,0.86,1.6,3,1199,671,2,3,2,2,1,1,3,1,1,2,3,1.706458888,0,0,2,2,3,4,3.45,Africa,Namibia,windhoek-namibia,0.008174387
650,2,15,1007,1.973301664,0,0.2,3,819,584,1,1,2,1,1,1.419868987,2,1,1,1,3,1,0,0,2,2,1,4,2.92,Africa,Zambia,lusaka-zambia,0.038147139
575,2,50,1403,1.117197297,0.93,1.7,2,1156,719,1,1,3,2,1,1.534928383,2,1,1,1,3,2,0,0,2,2,3,4,3.37,Africa,Mozambique,maputo-mozambique,0.133514986
265,2,146,1464,3,0.6,4.61,3,913,627,2,1,2,1,2,1,4,2,2,2,2,1,0,0,3,2,3,1,3.34,Asia,China,hohhot-china,0.395095368
346,2,51,1037,3,0.54,0,3,703,394,2,1,1,1,2,1,5,1,1,2,3,1,0,0,3,2,3,4,3.52,Asia,China,zhangjiakou-china,0.136239782
179,2,98,641,3,0.5,4.23,3,636,530,2,1,2,1,2,1,4,2,2,2,2,1,0,0,3,2,3,2,3.52,Asia,China,huaian-china,0.264305177
214,2,116,915,3,0.35,0.5,3,527,261,3,1,1,1,2,1,4,1,2,2,2,1,0,0,3,2,3,4,4.09,Asia,China,nanchang-china,0.313351499
450,2,94,1555.299255,3,0.46,3.87,3,1019,754,2,1,2,1,2,1,4,2,2,2,2,1,0,0,3,2,3,1,3.52,Asia,China,changsha-china,0.253405995
548,2,50,946,3,2.07,2.31,3,1186,783,4,3,3,4,3,4,36,3,3,3,3,3,0,1,4,3,4,4,4.08,Europe,Spain,tenerife-canary-islands-spain,0.133514986
188,2,33,1373,3,0.68,1.07,3,798,337,3,2,2,2,2,2.705674038,29,2,3,2,3,2,1,0,3,4,4,4,4.36,Europe,Serbia,novi-sad-serbia,0.08719346
419,2,12,1708,3,1.21,1.74,2,1187,617,3,3,4,4,2,4,35,2,2,4,3,2,0,1,4,3,4,4,3.89,Europe,Portugal,aveiro-portugal,0.029972752
216.5673877,2,17,1312,2,0.29,0.58,3,518,588.8184187,2,1,3,2,1,1,25,1,1,2,3,2,0,0,3,3,3,4,3.97,Asia,Vietnam,mui-ne-vietnam,0.04359673
329,2,32,1281,2.022978973,0.92,1.08,3,846,439,2,2,3,2,1,3,12,1,3,2,3,1,1,0,3,3,4,4,4.31,Europe,Albania,tirana-albania,0.084468665
644,2,177,1373,1.706712902,0.53,1.01,3,1019,677,1,1,3,3,1,1,2,1,3,1,2,1.932045953,0,0,2,2,3,1,3.32,Africa,Cameroon,douala-cameroon,0.479564033
872,2,177,1511.245843,1.889163142,0.85,4.57,3,1675,1108,1,1,1,1,1,1,1,1,1,1,2,1,1,0,1,1,3,4,3.08,Africa,Cameroon,yaounde-cameroon,0.479564033
1275,2,12,2288,2,1.62,4.06,1,2124,1393,2,2,3,3,3,3,29,2,3,3,3,2,0,1,3,4,4,4,4.37,North America,United States,flagstaff-az-united-states,0.029972752
860,2,12,1769,2,1.77,3.93,2,1713,1111,4,2,2,3,3,3,52,2,3,3,3,3,0,1,3,4,4,2,4.4,North America,United States,albuquerque-nm-united-states,0.029972752
1386,2,18,2013,3,1.44,3.3,1,2262,1636,3,2,3,2,3,2,16,2,2,3,3,2,0,1,4,3,4,2,3.83,Europe,United Kingdom,portsmouth-united-kingdom,0.046321526
355,2,23,732,3,0.76,1.57,3,788,505,2,1,3,1,2,1,33,2,3,1,3,1,0,0,1,3,4,4,4.26,Europe,Russia,krasnodar-russia,0.059945504
557,2,22,1861,1,2.83,1.71,2,1512,833,4,2,3,2,2,4,10,1,2,3,3,1,0,1,3,3,4,4,4.34,Europe,Italy,trieste-italy,0.057220708
219,2,49,702,2.018263161,0.45,1.12,3,548,343,3,1,3,3,2,1,14,2,2,1,3,3,1,0,3,3,4,4,4.37,Europe,Turkey,izmir-turkey,0.130790191
90,2,43,1281,1,0.68,1.86,3,621,278,2,1,3,3,1,2,11,1,2,1,3,1,1,0,3,3,4,1,3.88,Asia,Sri Lanka,kandy-sri-lanka,0.114441417
138,2,167,1312,1.519644366,0.33,0.69,3,574,213,2,1,3,2,2,1,3,1,2,1,2,1.076943202,0,0,2,1,4,1,3.28,Asia,Uzbekistan,tashkent-uzbekistan,0.452316076
292,2,50,1037,1.876660784,0.68,1.94,3,836,482,2,1,2,2,2,2,11,1,1,2,3,1.478973518,0,0,3,3,3,1,3.82,Asia,Kazakhstan,almaty-kazakhstan,0.133514986
258,2,32,1586,1,0.68,1.98,3,907,441,2,1,2,2,3,2,6,1,2,2,3,2,1,0,1,3,4,4,3.31,Latin America,Mexico,puebla-mexico,0.084468665
190,2,81,1007,1,0.75,1.16,3,681,335,2,2,2,2,3,2,6,4,2,3,3,2,1,0,2,2,4,1,3.62,Latin America,Argentina,rosario-argentina,0.217983651
1374,2,20,2196,1,3.19,3.32,1,2838,1866,4,3,4,2,4,4,48,3,3,4,3,2,0,1,4,4,4,4,4.34,Europe,Switzerland,lugano-switzerland,0.051771117
88,2,25,2074,1,0.36,1.12,3,797,232,1,1,1,2,1,1,3,1,1,1,3,1,1,0,2,2,3,1,3.49,Asia,India,kannur-india,0.065395095
880,2,18,2257,2,1.94,3.95,1,2133,1305,4,2,3,3,3,3,36,2,2,3,3,3,0,1,3,3,4,4,3.96,North America,United States,milwaukee-wi-united-states,0.046321526
814,2,11,1464,1,2.95,3.77,1,2006,1252,3,4,2,3,4,4,36,3,2,4,3,2,0,1,4,3,4,4,4.24,Europe,Netherlands,tilburg-netherlands,0.027247956
580,2,22,976,2,1.1,3.35,3,1212,905,2,2,1,2,2,4,16,2,1,3,3,2,0,1,4,3,4,2,3.03,Asia,Japan,sendai-japan,0.057220708
272,2,108,1089.946331,1.431024182,0.24,1.18,3,566,337,1,1,2,2,1,2,5,1,1,1,2,2,1,0,2,1,1,1,3.42,Middle East,Iran,shiraz-iran,0.291553134
185,2,111,796.9555853,1.865237838,0.29,1.39,3,396,269,1,1,2,1,1,2,4,1,1,1,2,1,1,0,2,2,1,1,2.7,Middle East,Iran,isfahan-iran,0.29972752
405,2,50,793,2.048322219,0.61,3.08,3,883,711,2,1,3,1,2.257908523,3,15,1,1,2,3,1,1,1,3,3,4,2,3.98,Asia,Brunei,bandar-seri-begawan-brunei,0.133514986
200,2,18,2257,1.574685349,0.58,1.37,3,916,326,2,1,4,2,2,1,10,2,2,1,3,2,1,0,2,3,4,4,3.83,Europe,Turkey,bodrum-turkey,0.046321526
365,2,50,1251,1,0.57,1.42,3,859,509,1,1,3,2,2,3,4,1,1,2,3,2,1,0,2,2,3,4,3.86,Africa,Morocco,tangier-morocco,0.133514986
883,2,161,2959,1.754396192,1.33,4.28,1,2165,1231,1,1,1,1,3,3,8,1,1,2,2,1,1,0,2,2,1,2,3.27,Middle East,Saudi Arabia,jeddah-saudi-arabia,0.435967302
114,2,18,946,1,0.39,1.45,3,557,274,2,1,2,2,1,1,4,1,1,1,3,1,0,0,2,2,3,4,3.63,Asia,India,bhubaneswar-india,0.046321526
139,2,21,2379,1,0.31,1.75,3,901,300,2,1,3,2,1,1,7,1,2,1,3,1,1,0,3,3,3,4,3.89,Asia,India,visakhapatnam-india,0.054495913
510,2,31,1600.444898,2,1.3,3.1,3,1291,805,2,2,1,2,2,4,17,2,2,3,3,2,0,1,3,3,4,1,3.55,Asia,Japan,okayama-japan,0.081743869
939,2,14,1739,2,2.61,5.88,1,2385,1562,4,4,3,3,4,3,23,3,3,4,3,4,1,1,4,3,4,4,4.14,Europe,Denmark,aarhus-denmark,0.035422343
487,2,177,1098,1.797357645,0,0,3,640,414,1,2,1,1,1,0.940565973,1,1,1,1,2,1,1,0,2,1,3,1,2.71,Africa,Malawi,lilongwe-malawi,0.479564033
186,2,50,770.3277002,1.961461066,0.18,0.72,4,375,233,1,1,3,1,1,1,1,1,1,1,3,1.364864471,0,0,1,2,1,1,4.08,Africa,Sudan,khartoum-sudan,0.133514986
469,2,50,1438.766625,2.040551729,0.64,0.97,2,1182,690,1,1,1,1,2,2,3,1,1,1,3,1,1,0,2,2,1,2,3.18,Africa,Libya,benghazi-libya,0.133514986
561,2,50,1952,1.862842779,0.79,1.33,3,1282,690,1,1,3,1,2,2,4,1,1,1,3,1.785780013,1,0,2,2,1,1,3.73,Africa,Libya,tripoli-libya,0.133514986
181,2,90,1068,1.992531506,0.4,0.45,3,544,240,2,1,3,4,1,2,5,1,2,2,3,1.532925783,1,0,2,2,3,4,3.78,Africa,Tunisia,tunis-tunisia,0.242506812
88,2,11,960.3986165,1,0.38,1.62,4,528.2376548,254,1,1,2,2,1,1,4,1,1,1,3,1,1,0,2,2,3,1,3.61,Asia,India,moradabad-india,0.027247956
98,2,92,671,1,0.6,1.43,3,716,312,1,1,1,2,1,1,3,1,1,1,2,1,0,0,2,2,3,1,3.17,Asia,India,guwahati-india,0.247956403
358,2,50,702,3,0.83,1.88,3,842,586,2,1,2,1,2,1,19,1,2,1,3,1,0,0,1,3,4,4,3.85,Asia,Russia,novosibirsk-russia,0.133514986
271,2,50,1525,1.557773896,0.31,0.36,3,700,308,2,1,2,2,1,1,1,1,3,1,3,1.81158961,0,0,2,2,3,1,3.77,Asia,Tajikistan,dushanbe-tajikistan,0.133514986
376,2,27,1068,3,1,1.3,2,927,509,3,2,4,3,2,2,55,1,2,3,3,2,0,0,3,3,4,4,4.48,Europe,Romania,cluj-romania,0.070844687
116,2,37,854,1.815918253,0.46,1.07,3,491,232,2,1,2,2,2,1,11,1,1,1,3,1,1,0,2,3,4,2,3.21,Europe,Turkey,bursa-turkey,0.098092643
108,2,215,1726.278405,1,0.29,8.61,3,678,794,1,1,2,2,1,1,4,1,1,1,2,1,1,0,2,2,3,1,3.36,Asia,India,kanpur-india,0.583106267
711,2,21,2288,1,2.28,1.49,1,1901,992,3,2,4,3,2,4,10,4,1,3,3,1,0,1,3,3,4,4,3.82,Europe,Italy,genoa-italy,0.054495913
239,2,59,1129,2.400266832,0.79,1.69,3,783,418,3,1,3,2,1,1,300,1,2,3,3,2,0,0,3,3,4,4,4.42,Europe,Bulgaria,plovdiv-bulgaria,0.158038147
1153,2,50,1861,1.957247422,1.52,3.2,2,2113,1470,2,3,2,3,1,1,7,1,3,2,3,2,1,0,2,3,1,2,3.58,Africa,Ghana,accra-ghana,0.133514986
850,2,21,1952,2,1.87,3.96,2,1872,1216,3,2,3,2,3,3,32,3,1,3,3,3,0,1,3,3,4,4,3.97,North America,United States,indianapolis-in-united-states,0.054495913
608,2,29,1312,1,2.43,4.55,1,1753,1132,3,2,4,3,2,4,24,3,2,3,3,1,0,1,3,4,4,4,4.08,Europe,Italy,modena-italy,0.076294278
554,2,61,2745,1.935341328,1.86,2.72,2,1807,869,1,2,3,2,2.395819184,2.477620334,22,1,1,2,3,2,0,0,3,3,4,1,3.8,Latin America,Aruba,oranjestad-aruba,0.163487738
500,2,50,2166,1.831996904,2.5,3.75,1,1700,891,1,2,3,2,2.347929917,3,32,2.463099,1,3,3,2,0,0,1,3,4,4,3.44,Latin America,Barbados,bridgetown-barbados,0.133514986
1249,2,14,1525,2,1.77,4.64,1,2267,1665,4,2,3,1,3,3,35,3,1,3,3,3,0,1,3,4,4,4,4.26,North America,United States,hartford-ct-united-states,0.035422343
317,2,18,1373,3,0.57,1.18,3,787,428,2,2,3,1,2,3,11,2,1,3,3,2,0,0,4,3,4,4,4.27,Europe,Croatia,rijeka-croatia,0.046321526
700,2,21,1861,2,2.47,2.78,2,1860,1076,2,2,2,2,3,4,24,2,2,3,3,2,0,1,3,3,4,2,3.88,Europe,France,annecy-france,0.054495913
747,2,18,2077.771139,1,2.06,3.21,1,1888,1123,4,4,3,3,4,3,23,3,3,4,3,3,0,1,3,4,4,4,4.297698772,Europe,Finland,tampere-finland,0.046321526
307,2,146,1129,3,0.44,4.16,3,921,700,2,1,1,1,2,1,44,1,1,2,2,1,0,0,3,2,3,2,3.37,Asia,China,urumqi-china,0.395095368
320,2,28,1495,1.908431073,0.39,1.13,3,880,426,1,1,4,2,2,1.952237066,13,2,2,3,3,2.018799019,0,0,3,3,4,4,3.18,Europe,Montenegro,bar-montenegro,0.073569482
184,2,31,671,3,0.63,1.2,3,560,311,1,1,3,2,2,1,20,1,1,1,3,1,0,0,1,3,4,4,3.83,Europe,Russia,saratov-russia,0.081743869
528,2,37,1769,2,1.9,3.64,2,1672,954,3,3,4,4,2,3,11,3,2,2,3,2,0,0,3,3,4,1,4.43,Europe,Cyprus,limassol-cyprus,0.098092643
780,2,14,1495,2,1.28,2.72,2,1652,1067,2,3,2,2,4,3,38,2,2,4,3,2,0,1,3,4,4,1,4.3,North America,Canada,guelph-canada,0.035422343
754,2,286,1506.720778,1.714325321,0.66,3.89,3,1684,1064,1,1,1,1,3,3,6,1,1,2,1,1,1,0,2,1,1,4,2.84,Middle East,Saudi Arabia,dammam-saudi-arabia,0.776566757
598,2,30,946,2,1.33,3.38,2,1271,936,3,2,1,3,2,4,18,2,2,3,3,2,0,1,4,3,4,4,3.69,Asia,Japan,nagoya-japan,0.079019074
1469,2,19,2715,2,2.73,4.88,1,2907,1958,4,3,4,1,4,3,19,3,3,4,3,3,0,1,4,3,4,4,4.21,Oceania,Australia,darwin-australia,0.049046322
599,2,24,1952,1,2.33,3.5,1,1861,1032,4,3,3,2,3,3,50,1,2,4,3,3,0,1,4,3,4,4,3.81,Europe,Germany,hannover-germany,0.0626703
950,2,15,1617,2,1.89,3.41,2,2023,1463,3,2,3,2,3,3,22,2,1,3,3,3,0,1,3,3,4,4,4.13,North America,United States,norfolk-va-united-states,0.038147139
990,2,8,1525,1,2.07,3.51,1,1940,1367,4,4,4,3,4,3,29,3,3,4,3,3,0,1,3,3,4,4,4.19,Europe,Finland,espoo-finland,0.019073569
534,2,41,824,3,1.33,4.31,3,1088,888,3,2,3,2,2,3,29,1,2,3,3,2,0,1,4,4,4,4,4.56,Asia,South Korea,daejeon-south-korea,0.108991826
475,2,41,2044,3,1.27,3.73,2,1377,805,3,2,3,2,2,3,28,1,2,3,3,2,0,1,4,4,4,1,4.42,Asia,South Korea,gwangju-south-korea,0.108991826
829,2,13,1708,2,2,4,2,1784,1217,3,2,3,1,3,3,21,2,3,3,4,3,0,1,3,4,4,4,4.04,North America,United States,provo-ut-united-states,0.032697548
210,2,45,1281,1,0.23,0.7,3,580,258,2,1,2,2,2,2,5,1,1,2,3,1,1,0,3,2,3,4,4.02,Asia,Indonesia,sanur-bali-indonesia,0.119891008
154,2,88,1891,3,0.48,3.97,3,845,430,2,1,2,1,2,1,9,1,1,2,2,1,0,0,3,3,3,4,3.49,Asia,China,yiwu-china,0.237057221
760,2,19,2074,2,1.64,3.43,1,1927,1256,3,2,4,2,3,3,23,3,2,3,3,3,0,1,3,3,4,4,3.99,North America,United States,columbus-oh-united-states,0.049046322
758,2,23,2013,1,2.33,3.15,1,2065,1164,3,4,3,1,4,4,45,3,1,4,3,3,0,1,4,3,4,4,4.18,Europe,Netherlands,zwolle-netherlands,0.059945504
522,2,11,1617,2,1.64,3.17,2,1530,898,4,3,4,2,4,3,38,3,2,4,3,4,0,1,3,4,4,4,4.24,North America,Canada,moncton-canada,0.027247956
914,2,15,1281,2,1.5,2.28,2,1637,1158,4,3,4,1,4,3,14,2,1,4,3,4,0,1,3,3,4,4,3.91,North America,Canada,edmonton-canada,0.038147139
208,2,16,1159,3,1.36,2.65,3,989,526,2,1,2,1,2,1,22,1,1,1,3,1,0,0,1,3,4,4,4.02,Europe,Russia,kaliningrad-russia,0.040871935
1310,2,20,1617,2,1.77,3.75,1,2226,1590,3,2,2,3,3,3,20,2,2,3,3,2,0,1,4,3,4,1,4.12,North America,United States,riverside-ca-united-states,0.051771117
500,2,50,1068,1.836280702,2,3,3,1108,804,1,1,2,1,1.847401188,1.939022758,1,3,1,2,3,1,0,0,2,2,4,2,3.44,Oceania,East Timor,dili-east-timor,0.133514986
660,2,17,1312,3,2.64,2.97,1,1765,1065,4,2,2,1,3,2,29,3,2,3,3,4,0,1,4,3,4,4,3.73,Europe,United Kingdom,coventry-united-kingdom,0.04359673
573,2,30,1983,1,0.28,0.42,3,1024,552,1,1,3,2,1,1.11353721,5,1,3,1,3,1.981632848,1,0,2,2,1,4,3.01,Africa,Nigeria,lagos-nigeria,0.079019074
389,2,31,1190,2,0.96,1.64,3,985,561,1,1,4,2,3,1,12,1,1,2,3,3,0,0,1,3,1,4,3.82,Latin America,Brazil,brasilia-brazil,0.081743869
1210,2,11,2288,2,1.75,3.83,1,2372,1569,3,2,2,3,3,3,23,2,2,3,3,1,0,1,3,4,4,1,4.27,North America,United States,providence-ri-united-states,0.027247956
701,2,9,2105,1,2.39,2.89,1,2123,1118,2,4,2,1,4,4,56,3,1,4,3,2,0,1,4,3,4,1,4.05,Europe,Netherlands,arnhem-netherlands,0.021798365
685,2,24,1251,1,2.67,2.88,1,1677,1040,2,3,2,3,3,3,31,2,2,4,3,2,0,1,4,3,4,1,4.22,Europe,Germany,dortmund-germany,0.0626703
356,2,27,1068,1,2.33,2.33,3,829,534,2,3,2,2,3,3,56,1,2,4,3,2,0,1,4,3,4,1,3.83,Europe,Germany,hagen-germany,0.070844687
122,2,32,427,2,1.05,1.6,3,498,301,2,2,2,1,2,3,31,1,1,3,3,2,1,1,3,3,4,1,3.54,Europe,Poland,rzeszow-poland,0.084468665
789,2,9,1342,2,1.7,3.92,2,1691,1165,3,2,4,2,3,3,29,2,2,3,3,3,0,1,3,4,4,4,4.02,North America,United States,fargo-nd-united-states,0.021798365
927,2,11,885,2,1.77,2.53,2,1708,1225,2,3,2,2,4,3,38,2,2,4,3,2,0,1,3,4,4,4,4.23,North America,Canada,grande-prairie-canada,0.027247956
608,2,10,2654,2,1.9,3.8,2,1909,1042,4,3,2,2,4,3,38,4,1,4,3,4,0,1,3,4,4,4,4.27,North America,Canada,nanaimo-canada,0.024523161
553,2,12,976,2,1.5,2.94,2,1295,880,4,3,3,3,4,3,38,3,3,4,3,4,0,1,3,3,4,4,4.48,North America,Canada,abbotsford-canada,0.029972752
660,2,14,1739,3,1.37,3.3,2,1596,997,3,2,3,2,3,2,13,2,1,3,3,2,0,1,4,3,4,4,3.84,Europe,United Kingdom,hull-united-kingdom,0.035422343
256,2,260,1037,1,0.02,0.04,3,461,223,1,1,1,1,1,1,3,1,1,1,1,2,1,0,1,1,1,4,2.26,Asia,Afghanistan,kabul-afghanistan,0.705722071
150,2,50,785.3717436,1,1,3,3,611,431,1,1,2,3,1.643960481,1,2,1,1,1,3,1,1,0,2,2,4,4,3.03,Asia,North Korea,kaesong-north-korea,0.133514986
206,2,16,641,2.118795775,0.51,1.27,3,526,326,1.841740755,2,4,2,2,1,7,1,2,2,3,2,0,0,2,3,4,4,3.86,Latin America,Peru,arequipa-peru,0.040871935
345,2,23,336,3,0.65,1.65,3,688,487,1,1,1,1,2,1,10,1,1,1,3,1,1,0,1,3,4,4,3.49,Europe,Russia,ulyanovsk-russia,0.059945504
245,2,91,580,3,0.63,1.94,3,736,457,2,1,2,1,2,1,18,1,1,1,3,1,0,0,1,2,4,4,3.55,Europe,Russia,chelyabinsk-russia,0.245231608
389,2,50,1159,1.75021039,0,0,3,787,375,2,1,2,1,2,2,9,1,1,2,3,1.595739097,0,0,3,3,3,2,4.02,Asia,Kazakhstan,astana-kazakhstan,0.133514986
496,2,18,1342,1,2.33,3.06,2,1436,868,4,3,3,2,3,3,35,3,3,4,3,3,0,1,4,4,4,4,4.26,Europe,Germany,aachen-germany,0.046321526
196,2,31,1037,3,0.95,0.84,2,665,310,2,2,4,2,2,1.93670567,34,1,2,2,3,2,1,0,3,3,4,4,4.07,Europe,Serbia,nis-serbia,0.081743869
376,2,86,1129,3,0.5,4.03,3,922,694,2,1,2,1,2,1,7,1,1,2,2,1,0,0,3,3,3,1,3.77,Asia,China,ningbo-china,0.231607629
684,2,6,1190,1,2.62,2.89,1,1798,1078,2,4,2,2,4,4,63,1,1,4,3,2,0,1,4,3,4,2,4.06,Europe,Netherlands,leeuwarden-netherlands,0.013623978
194,2,17,1007,2,0.49,0.87,3,592,282,1,1,2,1,1,1,0,1,3,1,3,1,0,0,2,3,4,4,4.02,Europe,Ukraine,kharkiv-ukraine,0.04359673
402,2,31,2410,3,1.61,3.1,2,1571,776,2,1,2,1,2,1,33,1,3,1,3,1,0,0,1,3,4,4,3.28,Europe,Russia,nizhny-russia,0.081743869
379,2,27,1159,3,0.84,1.89,3,1018,613,2,1,1,2,2,1,21,1,2,1,3,1,0,0,1,3,4,4,3.63,Europe,Russia,yekaterinburg-russia,0.070844687
225,2,43,1464,2,1.13,2.25,3,1005,503,2,2,2,3,1,1,3,3,3,2,3,2,0,0,1,2,1,4,4.2,Africa,South Africa,pretoria-south-africa,0.114441417
681,2,35,2471,2,2.33,3.76,1,2099,1173,3,1,2,3,4,3,22,2,2,2,3,3,1,1,3,3,4,4,4.04,Middle East,Israel,haifa-israel,0.092643052
361,2,32,2044,1,1.1,2.13,2,1182,575,2,3,2,2,2,2,28,1,1,3,3,2,0,0,2,3,4,1,3.82,Europe,Lithuania,klaipeda-lithuania,0.084468665
1596,2,6,4789,2,1.85,3.95,1,3283,1895,2,2,2,2,3,3,40,2,2,3,3,2,0,1,3,3,4,1,3.82,North America,United States,monterey-ca-united-states,0.013623978
350,2,12,1403,3,0.96,1.28,3,933,491,3,3,4,2,2,4,37,2,2,4,3,2,0,1,4,3,4,4,4.41,Europe,Portugal,braga-portugal,0.029972752
2783,2,50,2891.126381,2.246443353,3.21,5.67,1,2184.089388,1287.273808,2,2,3,2,3.192174414,3.228194501,13,1,3,2,3,3,1,0,3,2,4,4,4.219548605,North America,Bermuda,hamilton-bermuda,0.133514986
383,2,48,1830,1,0.8,1.97,3,1059,558,2,3,2,4,2,3,9,1,3,2,3,1.434498736,0,0,1,3,4,1,3.704686217,Latin America,Jamaica,kingston-jamaica,0.128065395
1530,2,50,2471,1.812613631,1.28,2.42,1,2375,1645,1,1,4,3,1,1.399997002,3,2,2,1,3,2.596554712,0,0,1,2,1,4,4.27,Africa,Angola,luanda-angola,0.133514986
624,2,34,1556,1,1.99,1.75,2,1608,936,3,2,3,3,2,4,13,3,2,3,3,2,0,1,3,3,4,4,4.57,Europe,Italy,padova-italy,0.089918256
330,2,101,1525,3,0.48,4.38,3,1010,685,2,1,1,1,2,1,6,1,1,2,2,1,0,0,3,2,3,4,3.44,Asia,China,wuxi-china,0.272479564
301,2,55,1403,2,1.13,1.55,3,978,480,2,2,3,2,1,1,4,2,1,2,3,2,0,0,1,2,1,4,3.52,Africa,South Africa,durban-south-africa,0.147138965
442,2,55,1708,1.761807961,0.88,1.68,3,1137,610,2,2,4,2,2,3,13,1,2,2,3,3,0,0,1,2,1,2,4.06,Latin America,Dominican Republic,jarabacoa-dominican-republic,0.147138965
716,2,11,1281,2,2.85,5.7,1,2042,1395,4,3,4,4,4,3,38,4,3,4,3,4,0,1,3,3,4,4,4.29,North America,Canada,lethbridge-canada,0.027247956
692,2,13,1434,1,2.48,3.14,2,1643,1042,2,3,2,2,3,3,30,2,2,4,3,2,0,1,4,3,4,1,3.77,Europe,Germany,erlangen-germany,0.032697548
800,2,17,1464,2,1.8,3.68,2,1860,1368,3,2,2,2,3,3,42,2,2,3,4,3,0,1,3,4,4,4,4.37,North America,United States,oklahoma-city-ok-united-states,0.04359673
529,2,50,1586,1.740829239,2.35,2.35,1,1957,942,2,3,3,3,2.274301167,1,7,2.119708863,2,2,3,1,0,0,2,2,3,2,3.68,Africa,Cape Verde,praia-cape-verde,0.133514986
525,2,12,1159,3,1.75,3.31,2,1406,915,3,3,3,2,3,4,43,2,2,3,3,2,0,1,4,3,4,4,4.1,Europe,Spain,a-coruna-spain,0.029972752
630,2,31,2318,1,2.21,1.88,1,2001,973,2,2,2,2,2,4,24,1,3,3,3,2,1,1,4,3,4,1,4.25,Europe,Italy,cagliari-sardinia-italy,0.081743869
235,2,33,1098,3,0.5,1.03,3,698,348,2,2,3,1,2,3,12,2,1,3,3,1,0,0,3,3,4,4,3.93,Europe,Croatia,osijek-croatia,0.08719346
245,2,30,641,2,0.88,1.89,3,672,439,1,1,2,2,3,1,11,3,2,2,3,2,1,0,1,3,1,1,3.74,Latin America,Brazil,sao-jose-dos-campos-brazil,0.079019074
673,2,28,1896.654597,2,1.07,3.11,2,1426,885,3,2,2,4,2,4,15,2,3,3,3,3,0,1,4,3,4,2,3.15,Asia,Japan,okinawa-okinawa-japan,0.073569482
306,2,29,3965,1,2.14,4.28,1,2027,765,2,1,3,2,2,4,11,2,1,3,3,1,1,1,3,3,4,4,3.66,Europe,Greece,chania-crete-greece,0.076294278
1800,2,16,5643,2.340566452,3.12,5.73,1,4147,2314,2,2,4,1,2.974276593,3.144511346,9,2,1,2,3,3,0,0,3,3,4,1,3.95,Latin America,Cayman Islands,george-town-cayman-islands,0.040871935
525,2,24,2015.581227,3,2.33,1.75,1,1428,802,2,3,2,2,3,4,22,2,2,3,3,2,0,1,4,3,4,2,3.7,Europe,Spain,arrecife-lanzarote-spain,0.0626703
1478,2,177,2196,1.446974134,0.55,1.09,2,1995,1408,2,1,2,1,1,0.753495396,2,1,2,1,2,1,1,0,1,1,1,4,2.87,Africa,Angola,huambo-angola,0.479564033
715,2,15,2654,1,2.06,3.22,1,1978,1104,4,4,3,2,4,3,21,2,2,4,3,3,0,1,3,4,4,4,4.29,Europe,Finland,turku-finland,0.038147139
264,2,25,610,1,0.63,1.48,3,615,402,2,1,4,3,3,2,16,2,1,2,3,1.836117743,0,0,2,3,4,4,4.13,Latin America,Mexico,queretaro-mexico,0.065395095
318,2,23,702,2,0.85,1.99,3,778,511,3,2,2,1,2,3,41,2,2,3,3,1,0,1,4,3,4,4,4.36,Europe,Poland,szczecin-poland,0.059945504
461,2,50,612.1752983,2.537913452,0.4,0.79,3,858,502,2,2,4,1,2.35195208,2,26,1,3,2,3,1.280464152,1,0,3,3,4,4,3.23,Europe,Bosnia,sarajevo-bosnia,0.133514986
199,2,47,1312,1.799250659,0.51,0.95,3,692,304,1,1,1,2,2,2,3,1,1,1,3,1,1,0,2,2,3,4,3.48,Africa,Algeria,algiers-algeria,0.125340599
873,2,14,1922,2,2.19,3.86,2,2067,1308,3,2,4,2,3,3,25,3,1,3,3,3,0,1,3,3,4,4,4.22,North America,United States,bellingham-wa-united-states,0.035422343
315,2,25,1617,2,0.76,0.79,3,856,397,1,1,2,1,1,1,21,1,2,1,3,1,0,0,2,3,4,4,3.65,Europe,Ukraine,dnipro-ukraine,0.065395095
375,2,106,721.7009102,3,0.5,1,3,792,478,3,1,2,2,2,1,7,2,2,2,2,1,0,0,3,3,3,4,4.11,Asia,China,qingdao-china,0.286103542
1018,2,99,1617,1.449098045,0,0,3,1165,866,1,1,2,3,3,3,5,1,1,3,3,1,1,0,3,2,4,2,4.18,Middle East,Kuwait,kuwait-city-kuwait,0.267029973
403,2,17,549,3,1.39,2.41,3,908,640,4,3,4,1,2,2,31,3,1,3,3,4,0,0,3,4,4,4,4.32,Europe,Estonia,tartu-estonia,0.04359673
173,2,50,1281,1.570347869,1.04,2.49,2,788,428,2,1,2,1,1,1,1,1,1,1,2,2,1,0,2,2,3,4,3.81,Africa,Guinea,conakry-guinea,0.133514986
244,2,67,1129,1,0.64,1.76,3,781,423,1,1,1,4,1,1,10,1,1,1,3,1,0,0,2,2,3,4,3.57,Asia,India,gurgaon-india,0.179836512
146,2,290,1586,1,0.52,1.4,3,743,303,1,1,2,1,2,1,3,1,1,1,1,3,1,0,1,1,3,4,3.02,Asia,Pakistan,karachi-pakistan,0.78746594
323,2,12,1336.087147,3,0.51,2.16,3,674,483,1,1,1,1,2,1,10,1,1,1,3,2,0,0,1,2,4,1,3.61,Europe,Russia,rostov-on-don-russia,0.029972752
672,2,13,3233,1,1.92,3.31,1,2103,1064,4,4,4,1,4,3,29,4,3,4,3,3,0,1,3,4,4,4,4.04,Europe,Finland,jyvaskyla-finland,0.032697548
142,2,11,427,1,0.3,0.47,3,659.1172832,197,1,1,2,2,2,2,9,1,2,2,3,1,1,0,3,3,3,1,3.43,Asia,Indonesia,makassar-indonesia,0.027247956
132,2,80,915,1,0.34,1.19,3,531,265,2,1,1,2,1,1,3,1,1,1,3,1,1,0,2,2,3,1,3.52,Asia,India,aurangabad-india,0.215258856
284,2,44,1068,3,0.8,1.32,3,781,423,2,2,2,2,2,2,49,1,2,3,3,1,0,0,3,3,4,4,3.62,Europe,Romania,iasi-romania,0.117166213
1110,2,16,1464,2.084354871,2.06,4.11,1,2097,1524,4,4,3,2,4,4,52,3,2,4,3,3,0,1,4,3,4,4,4.12,Europe,Norway,aalesund-norway,0.040871935
700,2,13,1901.703865,2,1.17,2.88,3,1570,970,3,2,2,3,2,4,36,2,2,3,3,2,0,1,4,3,4,4,3.1,Asia,Japan,hamamatsu-japan,0.032697548
702,2,50,1464,1.801568015,0.84,3.01,2,1555,962,1,2,1,2,1,1,3,1,1,1,3,2,1,0,1,2,4,1,2.7,Latin America,Haiti,port-au-prince-haiti,0.133514986
815,2,17,2593,2,1.58,3.5,1,1964,1142,3,2,4,2,3,3,41,3,2,3,3,3,0,1,3,3,4,4,4.5,North America,United States,chattanooga-tn-united-states,0.04359673
275,2,14,976,1.786326072,1.37,2.75,3,1025,614,2,1,3,1,2.468651293,1.925416556,6,1,3,2,3,3,1,0,3,3,4,1,3.63,Middle East,Palestine,ramallah-palestine,0.035422343
900,2,50,2044,1.679367389,1.5,1.45,2,1733,1028,1,2,3,1,1.983100227,1.635865802,15,1,1,2,3,1,1,0,1,2,4,4,3.48,Middle East,Kurdistan,erbil-kurdistan,0.133514986
128,2,114,1551.676033,1.863055618,0.52,2.19,3,573,457,1,1,1,1,1,1,1,1,1,1,2,1,1,0,1,2,1,1,2.74,Middle East,Yemen,sanaa-yemen,0.307901907
355,2,23,1238.391908,3,0.62,1.85,3,867,523,1,1,2,1,2,1,19,1,1,1,3,1,1,0,1,3,4,1,3.45,Europe,Russia,ufa-russia,0.059945504
110,2,103,1403,1,0.36,1.02,3,595,217,1,1,2,3,1,1,7,1,1,1,3,1,0,0,2,2,3,4,3.12,Asia,India,nagpur-india,0.277929155
116,2,55,671,1,0.44,1.25,3,416,243,1,1,2,2,1,1,3,1,1,1,3,2,1,0,2,2,3,2,4.02,Asia,India,thiruvananthapuram-india,0.147138965
1400,2,8,3874,2,1.87,3.85,1,2855,1734,2,2,2,3,3,3,23,2,3,3,3,2.131865042,0,1,3,3,4,1,3.96,North America,United States,mountain-view-ca-united-states,0.019073569
844,2,30,1373,1.4796099,1.39,2.06,2,1302,958,1,2,1,1,1,0.873182902,2,1,1,1,2,1,1,0,2,2,1,1,2.81,Africa,Sierra Leone,freetown-sierra-leone,0.079019074
930,2,18,1190,2,1.53,3.36,2,1642,1173,4,2,3,2,3,3,33,2,1,3,3,3,0,1,3,4,4,4,4.52,North America,United States,knoxville-tn-united-states,0.046321526
238,2,50,1037,2.146320303,0.7,1.39,3,727,395,2,2,3,1,2.317560033,2,14,1,2,2,3,1.210583718,0,0,3,3,4,4,3.77,Europe,Bosnia,banja-luka-bosnia,0.133514986
296,2,36,1983,1.817074643,1.25,2.41,3,1141,527,4,1,3,2,1,1,26,1,1,3,3,1,0,0,3,3,4,4,4.33,Europe,Bulgaria,burgas-bulgaria,0.095367847
253,2,5,915,1,0.34,0.49,3,569,329,2,2,2,3,3,2,11,3,1,3,3,3,0,0,2,3,4,4,3.62,Latin America,Argentina,mar-del-plata-argentina,0.010899183
1280,2,15,1586,2,1.25,4.68,1,1776,1504,3,2,2,3,3,3,23,2,3,3,3,2,0,1,3,4,4,1,4.32,North America,United States,virginia-beach-va-united-states,0.038147139
253,2,47,519,1,0.66,1.62,3,539,391,2,1,2,2,3,3,6,2,3,1,3,2,1,0,1,3,3,2,4.16,Latin America,Colombia,bucaramanga-colombia,0.125340599
858,2,13,2105,3,1.98,2.81,2,1929,1173,4,2,4,2,3,2,29,3,3,3,3,4,0,1,4,4,4,4,4.03,Europe,United Kingdom,bournemouth-united-kingdom,0.032697548
559,2,163,1678,3,0.58,0,3,1004,573,2,1,1,1,2,1,4,1,1,2,2,1,0,0,3,2,3,4,3.34,Asia,China,xining-china,0.441416894
242,2,48,1338.208872,1.435450149,0.4,0.8,3,412,267,1,1,2,2,3,3,10,1,1,2,3,1,1,0,2,2,1,2,3.51,Middle East,Saudi Arabia,mecca-saudi-arabia,0.128065395
644,2,20,1312,1,2.45,2.88,2,1566,981,2,3,2,2,3,3,37,2,2,4,3,2,0,1,4,3,4,1,3.89,Europe,Germany,bielefeld-germany,0.051771117
303,2,5,7839,1,1.65,3.89,1,2935,759,2,1,4,1,2,4,13,2,1,3,3,2,0,1,3,3,4,4,4.3,Europe,Greece,rethymno-greece,0.010899183
296,2,50,671,3,0.92,2.15,3,794,522,2,1,3,1,2,1,19,1,1,1,3,1,0,0,1,3,4,4,3.37,Asia,Russia,tomsk-russia,0.133514986
292,2,15,1190,2.201979566,1.17,1.17,3,771,423,2,1,3,2,2,2.237264313,0,1,1,2,3,1,0,0,3,3,4,4,3.91,Europe,Kosovo,pristina-kosovo,0.038147139
276,2,29,1495,3,0.65,1.53,3,935,430,1,1,3,1,2,1,26,1,1,1,3,2,0,0,1,3,4,4,3.84,Europe,Russia,samara-russia,0.076294278
904,2,22,2715,1,2.99,3.85,1,2411,1350,3,4,2,3,4,4,45,3,2,4,3,2,0,1,4,3,4,4,4.34,Europe,Netherlands,breda-netherlands,0.057220708
643,2,24,1403,2,3.36,5.02,1,1997,1270,4,4,3,2,4,3,25,3,3,4,3,4,0,1,4,3,4,4,4.27,Europe,Denmark,aalborg-denmark,0.0626703
405,2,15,1922,3,0.87,2.85,2,1261,637,1,1,2,2,1,1,2,1,1,1,3,1.054478706,1,0,2,2,4,1,2.74,Africa,Zimbabwe,harare-zimbabwe,0.038147139
301,2,42,458,1,0.3,1.06,3,488,374,2,1,2,3,2,2,7,1,2,2,3,1,1,0,3,3,3,1,3.86,Asia,Indonesia,malang-east-java-indonesia,0.111716621
183,2,60,549,2,0.82,1.8,2,655,385,1,1,2,1,3,1,11,2,2,2,3,2,1,0,1,2,1,4,3.33,Latin America,Brazil,anapolis-brazil,0.160762943
673,2,34,1891,1,1.99,1.58,2,1708,940,3,2,2,3,2,4,19,1,3,3,3,1,0,1,3,4,4,4,4.49,Europe,Italy,treviso-italy,0.089918256
292,2,9,1983,1,2.92,3.5,2,1482,700,2,3,2,2,3,3,49,1,2,4,3,2,0,1,4,3,4,1,3.73,Europe,Germany,hof-germany,0.021798365
387,2,70,2349,1.714141707,1.16,2.9,2,1251,627,1,3,2,2,2.035491544,1,2,1,1,2,3,1,0,0,3,2,4,1,3.38,Oceania,Samoa,apia-samoa,0.188010899
1150,2,55,3447,2.253380684,5,5,1,2881,1706,3,2,4,2,2.931094502,2.917500705,5,2.602817226,1,2,3,3,0,0,3,3,4,4,3.82,Latin America,British Virgin Islands,road-town-british-virgin-islands,0.147138965
307,2,80,458,1,0.6,2.35,3,626,493,1,1,1,2,3,2,14,1,2,2,3,2,1,0,1,3,4,2,3.45,Latin America,Mexico,toluca-mexico,0.215258856
863,2,16,3386,2,1.62,3.82,1,2254,1206,1,2,2,2,3,3,58,2,2,3,3,2,0,1,3,4,4,1,4.05,North America,United States,salem-ma-united-states,0.040871935
1222,2,50,1647,1.464859948,4.89,4.89,1,2862,1877,2,2,1,2,2.896538217,2.634156012,3,1,1,2,3,2,0,0,3,2,4,1,3.3,Oceania,New Caledonia,noumea-new-caledonia,0.133514986
830,2,19,1129,2,1.29,4.4,2,1681,1322,3,2,3,2,3,3,25,2,3,3,3,2,0,1,3,4,4,1,4.28,North America,United States,cincinnati-oh-united-states,0.049046322
173,2,136,885,1,0.41,1.08,3,547,283,1,1,2,2,1,1,12,1,3,1,2,1,0,0,2,2,3,4,3.528291296,Asia,India,noida-india,0.367847411
62.51090448,2,14,941.7109754,1,0.42,0,4,633.0768905,285.1440721,1,1,2,2,1,1,3,1,1,1,3,1,1,0,2,3,3,4,3.9,Asia,India,bareilly-india,0.035422343
270.0980915,2,129,1254.330063,1,0.33,1.77,3,1037.617316,255,1,1,3,2,1,1,4,1,1,1,2,1,1,0,2,2,3,4,3.15,Asia,India,meerut-india,0.348773842
415,2,64,1196.708247,3,0.49,3.91,3,954,730,2,1,2,1,2,1,4,2,2,2,3,1,0,0,3,2,3,4,3.56,Asia,China,fuzhou-china,0.171662125
319,2,129,824,3,0.5,4.5,3,772,648,2,1,2,1,2,1,6,1,1,2,2,1,0,0,3,2,3,4,3.45,Asia,China,shenyang-china,0.348773842
150,2,50,702,1,1,3,3,670,431,1,1,1,1,1.587269886,1,2,1,1,1,2,1,1,0,2,2,4,4,2.73,Asia,North Korea,sinuiju-north-korea,0.133514986
181,2,85,702,3,0.22,4.2,3,533,479,2,1,2,1,2,1,6,2,2,2,2,1,0,0,3,3,3,1,3.52,Asia,China,guiyang-china,0.228882834
272,2,26,1129,1,0.65,2.25,3,782,509,2,1,2,2,3,3,2,1,1,2,3,1,1,0,3,2,1,4,4.23,Asia,Malaysia,penang-malaysia,0.068119891
703,2,92,1159,3,0.53,0,3,1017,707,2,1,1,1,2,1,9,1,1,2,2,1,0,0,3,2,3,1,3.47,Asia,China,wuhu-china,0.247956403
835,2,17,1556,2,2.07,3.41,2,1836,1208,4,3,4,1,4,3,26,4,2,4,3,3,0,1,4,4,4,4,4.25,Oceania,Australia,wollongong-australia,0.04359673
98,2,41,1601.794908,1,0.37,1.09,3,972.1594423,231,1,1,2,2,1,1,8,1,1,1,3,2,1,0,2,3,3,1,3.93,Asia,India,kollam-india,0.108991826
90,2,48,458,1,0.35,1.48,3,374,242,1,1,2,2,1,1,7,1,1,1,3,1,1,0,2,3,3,1,3.68,Asia,India,madurai-india,0.128065395
463,2,91,580,1.770994094,0,0,3,494,394,1,2,2,1,2,2,6,1,1,1,3,1,1,0,1,2,3,4,3.01,Latin America,Nicaragua,leon-nicaragua,0.245231608
292,2,8,2318,1,1.96,3.76,2,1594,763,3,1,2,2,2,4,10,2,1,3,3,1,0,1,3,3,4,4,3.78,Europe,Greece,patras-greece,0.019073569
583,2,14,3233,1,1.89,3.15,1,1875,967,4,4,2,2,4,3,25,3,1,4,3,3,0,1,3,3,4,4,4.31,Europe,Finland,oulu-finland,0.035422343
660,2,12,1800,3,2.62,3.29,1,1900,1085,3,2,3,3,3,2,21,3,2,3,3,2,0,1,4,3,4,2,4.1,Europe,United Kingdom,luton-united-kingdom,0.029972752
325,2,18,976,2,0.89,1.35,3,801,459,2,1,3,2,3,1,20,1,2,2,3,2,1,0,1,3,1,4,3.55,Latin America,Brazil,itapema-brazil,0.046321526
1129,2,29,915,2,1.26,2.92,2,1608,1342,2,2,2,3,2,4,20,1,2,3,3,2,0,1,4,3,4,2,3.2,Asia,Japan,yokohama-japan,0.076294278
263,2,94,427,1,0.41,1.41,3,414,331,1,1,2,1,2,2,8,1,1,2,3,3,1,0,3,2,3,4,3.53,Asia,Indonesia,surakarta-indonesia,0.253405995
582,2,21,915,1,1.75,2.16,3,1275,850,4,3,3,2,3,3,50,4,1,4,3,3,0,1,4,3,4,4,3.49,Europe,Germany,jena-germany,0.054495913
1584,2,11,1312,2,2.28,4.56,1,2470,1977,4,3,3,1,4,3,58,1,2,4,3,4,0,1,3,4,4,2,3.53,North America,Canada,fort-mcmurray-canada,0.027247956
318,2,35,671,2,0.96,1.61,3,765,492,2,1,3,2,3,1,15,2,1,2,3,3,0,0,1,3,1,4,3.89,Latin America,Brazil,campinas-brazil,0.092643052
902,2,16,2227,2,1.46,3.5,2,1939,1220,3,2,4,2,3,3,36,3,1,3,3,3,0,1,3,4,4,4,4.4,North America,United States,chico-ca-united-states,0.040871935
